CREATE DATABASE  IF NOT EXISTS `ki` /*!40100 DEFAULT CHARACTER SET utf8 */;
USE `ki`;
-- MySQL dump 10.13  Distrib 5.7.17, for Win64 (x86_64)
--
-- Host: localhost    Database: ki
-- ------------------------------------------------------
-- Server version	5.7.20-log

/*!40101 SET @OLD_CHARACTER_SET_CLIENT=@@CHARACTER_SET_CLIENT */;
/*!40101 SET @OLD_CHARACTER_SET_RESULTS=@@CHARACTER_SET_RESULTS */;
/*!40101 SET @OLD_COLLATION_CONNECTION=@@COLLATION_CONNECTION */;
/*!40101 SET NAMES utf8 */;
/*!40103 SET @OLD_TIME_ZONE=@@TIME_ZONE */;
/*!40103 SET TIME_ZONE='+00:00' */;
/*!40014 SET @OLD_UNIQUE_CHECKS=@@UNIQUE_CHECKS, UNIQUE_CHECKS=0 */;
/*!40014 SET @OLD_FOREIGN_KEY_CHECKS=@@FOREIGN_KEY_CHECKS, FOREIGN_KEY_CHECKS=0 */;
/*!40101 SET @OLD_SQL_MODE=@@SQL_MODE, SQL_MODE='NO_AUTO_VALUE_ON_ZERO' */;
/*!40111 SET @OLD_SQL_NOTES=@@SQL_NOTES, SQL_NOTES=0 */;

--
-- Dumping data for table `airport`
--

LOCK TABLES `airport` WRITE;
/*!40000 ALTER TABLE `airport` DISABLE KEYS */;
/*!40000 ALTER TABLE `airport` ENABLE KEYS */;
UNLOCK TABLES;

--
-- Dumping data for table `capture_point`
--

LOCK TABLES `capture_point` WRITE;
/*!40000 ALTER TABLE `capture_point` DISABLE KEYS */;
INSERT INTO `capture_point` VALUES (1,4,'Beslan City','Red',0,10,'38T MN 64375 82575','43 11.707\'N   44 33.693\'E'),(2,4,'Beslan Airport','Blue',9,0,'38T MN 68038 83498','43 12.216\'N   44 36.394\'E'),(3,4,'Kirovo City','Blue',3,0,'38T MN 52028 80182','43 10.373\'N   44 24.588\'E');
/*!40000 ALTER TABLE `capture_point` ENABLE KEYS */;
UNLOCK TABLES;

--
-- Dumping data for table `depot`
--

LOCK TABLES `depot` WRITE;
/*!40000 ALTER TABLE `depot` DISABLE KEYS */;
INSERT INTO `depot` VALUES (1,4,'Beslan Depot','43 11.430\'N   44 33.547\'E','38T MN 64175 82063',79,150,'DWM - Beslan Depot\nDepot Capacity: 79 / 150\nResource                 |Count\nInfantry                 |40   \nWatchtower Wood          |4    \nFuel Tanks               |8    \nOutpost Wood             |4    \nOutpost Pipes            |4    \nPower Truck              |4    \nFuel Truck               |4    \nCargo Crates             |8    \nWatchtower Supplies      |4    \nCommand Truck            |4    \nTank                     |8    \nOutpost Supplies         |4    \nAmmo Truck               |4    \nAPC                      |8    \n','Online'),(2,4,'Kirovo Depot','43 10.755\'N   44 25.379\'E','38T MN 53104 80881',148,150,'DWM - Kirovo Depot\nDepot Capacity: 148 / 150\nResource                 |Count\nInfantry                 |40   \nWatchtower Wood          |4    \nFuel Tanks               |8    \nOutpost Wood             |4    \nOutpost Pipes            |4    \nPower Truck              |4    \nFuel Truck               |4    \nCargo Crates             |8    \nWatchtower Supplies      |4    \nCommand Truck            |4    \nTank                     |8    \nOutpost Supplies         |4    \nAmmo Truck               |4    \nAPC                      |8    \n','Online'),(3,4,'Beslan Backup Depot','43 11.537\'N   44 34.866\'E','38T MN 65962 82253',148,150,'DWM - Beslan Backup Depot\nDepot Capacity: 148 / 150\nResource                 |Count\nInfantry                 |40   \nWatchtower Wood          |4    \nFuel Tanks               |8    \nOutpost Wood             |4    \nOutpost Pipes            |4    \nPower Truck              |4    \nFuel Truck               |4    \nCargo Crates             |8    \nWatchtower Supplies      |4    \nCommand Truck            |4    \nTank                     |8    \nOutpost Supplies         |4    \nAmmo Truck               |4    \nAPC                      |8    \n','Online');
/*!40000 ALTER TABLE `depot` ENABLE KEYS */;
UNLOCK TABLES;

--
-- Dumping data for table `game_map`
--

LOCK TABLES `game_map` WRITE;
/*!40000 ALTER TABLE `game_map` DISABLE KEYS */;
INSERT INTO `game_map` VALUES (1,4,'Images/map-800x443.png',800,443,734650,-123282,238.636171875);
/*!40000 ALTER TABLE `game_map` ENABLE KEYS */;
UNLOCK TABLES;

--
-- Dumping data for table `map_layer`
--

LOCK TABLES `map_layer` WRITE;
/*!40000 ALTER TABLE `map_layer` DISABLE KEYS */;
INSERT INTO `map_layer` VALUES (1,1,'Images/map-1880x1041.png',1880,1041),(2,1,'Images/map-2685x1487.png',2685,1487);
/*!40000 ALTER TABLE `map_layer` ENABLE KEYS */;
UNLOCK TABLES;

--
-- Dumping data for table `objectives`
--

LOCK TABLES `objectives` WRITE;
/*!40000 ALTER TABLE `objectives` DISABLE KEYS */;
/*!40000 ALTER TABLE `objectives` ENABLE KEYS */;
UNLOCK TABLES;

--
-- Dumping data for table `online_players`
--

LOCK TABLES `online_players` WRITE;
/*!40000 ALTER TABLE `online_players` DISABLE KEYS */;
INSERT INTO `online_players` VALUES (4,'AAA','Igz','KA-50',1,'130ms'),(4,'BB','Igz','A-10C',1,'130ms'),(5,'CCC','Igz','',1,'130ms');
/*!40000 ALTER TABLE `online_players` ENABLE KEYS */;
UNLOCK TABLES;

--
-- Dumping data for table `player`
--

LOCK TABLES `player` WRITE;
/*!40000 ALTER TABLE `player` DISABLE KEYS */;
INSERT INTO `player` VALUES ('173aaebb8ffc9a029ead1492cf79f894','KI Test Account',0,'\0'),('a68afce32e6b1f57a6c8d10da24f1516','Igneous01',1,'\0'),('AAA','Igneous',5,'\0'),('BBB','DemoPlayer',5,''),('CCC','Jon Snow',0,'\0'),('DDD','Shady Guy',5,'\0'),('EEEEE','New callsign',5,'\0'),('LLL','TestPlayer',5,'\0'),('SERVERUCID','Server',5,'\0');
/*!40000 ALTER TABLE `player` ENABLE KEYS */;
UNLOCK TABLES;

--
-- Dumping data for table `raw_connection_log`
--

LOCK TABLES `raw_connection_log` WRITE;
/*!40000 ALTER TABLE `raw_connection_log` DISABLE KEYS */;
INSERT INTO `raw_connection_log` VALUES (79,4,370,'CONNECTED','a68afce32e6b1f57a6c8d10da24f1516','Igneous01',1,'184.175.48.163',8,1063),(80,4,371,'CONNECTED','a68afce32e6b1f57a6c8d10da24f1516','Igneous01',1,'184.175.48.163',6,69),(81,4,372,'CONNECTED','a68afce32e6b1f57a6c8d10da24f1516','Igneous01',1,'184.175.48.163',6,68),(82,4,372,'DISCONNECTED','a68afce32e6b1f57a6c8d10da24f1516','Igneous01',1,'',31,94),(83,4,373,'CONNECTED','a68afce32e6b1f57a6c8d10da24f1516','Igneous01',1,'184.175.48.163',6,92),(84,4,373,'DISCONNECTED','a68afce32e6b1f57a6c8d10da24f1516','Igneous01',1,'',547,634),(85,4,374,'CONNECTED','a68afce32e6b1f57a6c8d10da24f1516','Igneous01',1,'184.175.48.163',11,823),(86,4,374,'DISCONNECTED','a68afce32e6b1f57a6c8d10da24f1516','Igneous01',1,'',353,1166),(87,4,375,'CONNECTED','a68afce32e6b1f57a6c8d10da24f1516','Igneous01',1,'184.175.48.163',16,1202),(88,4,375,'DISCONNECTED','a68afce32e6b1f57a6c8d10da24f1516','Igneous01',1,'',71,1258),(89,4,376,'CONNECTED','a68afce32e6b1f57a6c8d10da24f1516','Igneous01',1,'184.175.48.163',21,1294),(90,4,377,'CONNECTED','a68afce32e6b1f57a6c8d10da24f1516','Igneous01',1,'184.175.48.163',6,73),(91,4,377,'DISCONNECTED','a68afce32e6b1f57a6c8d10da24f1516','Igneous01',1,'',659,727),(92,4,378,'CONNECTED','a68afce32e6b1f57a6c8d10da24f1516','Igneous01',1,'184.175.48.163',11,789),(93,4,378,'DISCONNECTED','a68afce32e6b1f57a6c8d10da24f1516','Igneous01',1,'',64,842),(94,4,379,'CONNECTED','a68afce32e6b1f57a6c8d10da24f1516','Igneous01',1,'184.175.48.163',6,67),(95,4,379,'DISCONNECTED','a68afce32e6b1f57a6c8d10da24f1516','Igneous01',1,'',439,500),(96,4,380,'CONNECTED','a68afce32e6b1f57a6c8d10da24f1516','Igneous01',1,'184.175.48.163',6,62),(97,4,381,'CONNECTED','a68afce32e6b1f57a6c8d10da24f1516','Igneous01',1,'184.175.48.163',6,63),(98,4,381,'DISCONNECTED','a68afce32e6b1f57a6c8d10da24f1516','Igneous01',1,'',64,121),(99,4,382,'CONNECTED','a68afce32e6b1f57a6c8d10da24f1516','Igneous01',1,'184.175.48.163',6,62),(100,4,383,'CONNECTED','a68afce32e6b1f57a6c8d10da24f1516','Igneous01',1,'184.175.48.163',6,58),(101,4,383,'DISCONNECTED','a68afce32e6b1f57a6c8d10da24f1516','Igneous01',1,'',127,180),(102,4,384,'CONNECTED','a68afce32e6b1f57a6c8d10da24f1516','Igneous01',1,'184.175.48.163',6,71),(103,4,384,'DISCONNECTED','a68afce32e6b1f57a6c8d10da24f1516','Igneous01',1,'',0,1327),(104,4,385,'CONNECTED','a68afce32e6b1f57a6c8d10da24f1516','Igneous01',1,'184.175.48.163',11,1352),(105,4,385,'DISCONNECTED','a68afce32e6b1f57a6c8d10da24f1516','Igneous01',1,'',44,1386),(106,4,386,'CONNECTED','a68afce32e6b1f57a6c8d10da24f1516','Igneous01',1,'184.175.48.163',6,59),(107,4,386,'DISCONNECTED','a68afce32e6b1f57a6c8d10da24f1516','Igneous01',1,'',793,847);
/*!40000 ALTER TABLE `raw_connection_log` ENABLE KEYS */;
UNLOCK TABLES;

--
-- Dumping data for table `raw_gameevents_log`
--

LOCK TABLES `raw_gameevents_log` WRITE;
/*!40000 ALTER TABLE `raw_gameevents_log` DISABLE KEYS */;
INSERT INTO `raw_gameevents_log` VALUES (1,1,2,3,'EEEEE','TAKEOFF','New callsign',1,132,43332,'Ka-50','Beslan',NULL,NULL,NULL,NULL,NULL,NULL,NULL,'\0',NULL,NULL,NULL,NULL),(2,1,4,4,'EEEEE','TAKEOFF','New callsign',1,55,43255,'Ka-50','Beslan',NULL,NULL,NULL,NULL,NULL,NULL,NULL,'\0',NULL,NULL,NULL,NULL),(3,1,6,4,'EEEEE','TAKEOFF','New callsign',1,52,43252,'Ka-50','Beslan',NULL,NULL,NULL,NULL,NULL,NULL,NULL,'\0',NULL,NULL,NULL,NULL),(4,1,9,4,'EEEEE','TAKEOFF','New callsign',1,72,43272,'Ka-50','Beslan',NULL,NULL,NULL,NULL,NULL,NULL,NULL,'\0',NULL,NULL,NULL,NULL),(5,1,9,4,'EEEEE','SHOOTING_START','New callsign',1,334,43534,'Ka-50',NULL,'Cannon','CANNON','Unit #070','SKP-11','TRUCK','HELICOPTER',1,'\0',NULL,NULL,NULL,NULL),(6,1,9,4,'EEEEE','HIT','New callsign',1,335,43535,'Ka-50',NULL,'30mm HE','ROCKET','Unit #070','SKP-11','TRUCK','HELICOPTER',1,'\0',NULL,NULL,NULL,NULL),(7,1,9,4,'EEEEE','SHOOTING_END','New callsign',1,335,43535,'Ka-50',NULL,'Cannon','CANNON',NULL,NULL,NULL,NULL,NULL,'\0',NULL,NULL,NULL,NULL),(8,1,9,4,'EEEEE','SHOOTING_START','New callsign',1,337,43537,'Ka-50',NULL,'Cannon','CANNON','Unit #070','SKP-11','TRUCK','HELICOPTER',1,'\0',NULL,NULL,NULL,NULL),(9,1,9,4,'EEEEE','SHOOTING_END','New callsign',1,338,43538,'Ka-50',NULL,'Cannon','CANNON',NULL,NULL,NULL,NULL,NULL,'\0',NULL,NULL,NULL,NULL),(10,1,9,4,'EEEEE','SHOOTING_START','New callsign',1,338,43538,'Ka-50',NULL,'Cannon','CANNON','Unit #070','SKP-11','TRUCK','HELICOPTER',1,'\0',NULL,NULL,NULL,NULL),(11,1,9,4,'EEEEE','SHOOTING_END','New callsign',1,339,43539,'Ka-50',NULL,'Cannon','CANNON',NULL,NULL,NULL,NULL,NULL,'\0',NULL,NULL,NULL,NULL),(12,1,9,4,'EEEEE','SHOOTING_START','New callsign',1,339,43539,'Ka-50',NULL,'Cannon','CANNON','Unit #070','SKP-11','TRUCK','HELICOPTER',1,'\0',NULL,NULL,NULL,NULL),(13,1,9,4,'EEEEE','SHOOTING_END','New callsign',1,340,43540,'Ka-50',NULL,'Cannon','CANNON',NULL,NULL,NULL,NULL,NULL,'\0',NULL,NULL,NULL,NULL),(14,1,9,4,'EEEEE','SHOOTING_START','New callsign',1,340,43540,'Ka-50',NULL,'Cannon','CANNON','Unit #070','SKP-11','TRUCK','HELICOPTER',1,'\0',NULL,NULL,NULL,NULL),(15,1,9,4,'EEEEE','SHOOTING_END','New callsign',1,341,43541,'Ka-50',NULL,'Cannon','CANNON',NULL,NULL,NULL,NULL,NULL,'\0',NULL,NULL,NULL,NULL),(16,1,9,4,'EEEEE','SHOOTING_START','New callsign',1,341,43541,'Ka-50',NULL,'Cannon','CANNON','Unit #070','SKP-11','TRUCK','HELICOPTER',1,'\0',NULL,NULL,NULL,NULL),(17,1,9,4,'EEEEE','HIT','New callsign',1,342,43542,'Ka-50',NULL,'30mm HE','ROCKET','Unit #071','ATMZ-5','TRUCK','HELICOPTER',1,'\0',NULL,NULL,NULL,NULL),(18,1,9,4,'EEEEE','SHOOTING_END','New callsign',1,342,43542,'Ka-50',NULL,'Cannon','CANNON',NULL,NULL,NULL,NULL,NULL,'\0',NULL,NULL,NULL,NULL),(19,1,9,4,'EEEEE','SHOOTING_START','New callsign',1,383,43583,'Ka-50',NULL,'Cannon','CANNON','Unit #070','SKP-11','TRUCK','HELICOPTER',1,'\0',NULL,NULL,NULL,NULL),(20,1,9,4,'EEEEE','HIT','New callsign',1,384,43584,'Ka-50',NULL,'30mm HE','ROCKET','Unit #071','ATMZ-5','TRUCK','HELICOPTER',1,'\0',NULL,NULL,NULL,NULL),(21,1,9,4,'EEEEE','SHOOTING_END','New callsign',1,384,43584,'Ka-50',NULL,'Cannon','CANNON',NULL,NULL,NULL,NULL,NULL,'\0',NULL,NULL,NULL,NULL),(22,1,9,4,'EEEEE','SHOOTING_START','New callsign',1,386,43586,'Ka-50',NULL,'Cannon','CANNON','Unit #070','SKP-11','TRUCK','HELICOPTER',1,'\0',NULL,NULL,NULL,NULL),(23,1,9,4,'EEEEE','SHOOTING_END','New callsign',1,387,43587,'Ka-50',NULL,'Cannon','CANNON',NULL,NULL,NULL,NULL,NULL,'\0',NULL,NULL,NULL,NULL),(24,1,9,4,'EEEEE','SHOOTING_START','New callsign',1,387,43587,'Ka-50',NULL,'Cannon','CANNON','Unit #070','SKP-11','TRUCK','HELICOPTER',1,'\0',NULL,NULL,NULL,NULL),(25,1,9,4,'EEEEE','SHOOTING_END','New callsign',1,388,43588,'Ka-50',NULL,'Cannon','CANNON',NULL,NULL,NULL,NULL,NULL,'\0',NULL,NULL,NULL,NULL),(26,1,9,4,'EEEEE','HIT','New callsign',1,458,43658,'Ka-50',NULL,'30mm HE','ROCKET','Unit #072','KAMAZ Truck','TRUCK','HELICOPTER',1,'\0',NULL,NULL,NULL,NULL),(27,1,9,4,'EEEEE','SHOOTING_END','New callsign',1,459,43659,'Ka-50',NULL,'Cannon','CANNON',NULL,NULL,NULL,NULL,NULL,'\0',NULL,NULL,NULL,NULL),(28,1,9,4,'EEEEE','SHOOTING_END','New callsign',1,460,43660,'Ka-50',NULL,'Cannon','CANNON',NULL,NULL,NULL,NULL,NULL,'\0',NULL,NULL,NULL,NULL),(29,1,9,4,'EEEEE','SHOOTING_END','New callsign',1,461,43661,'Ka-50',NULL,'Cannon','CANNON',NULL,NULL,NULL,NULL,NULL,'\0',NULL,NULL,NULL,NULL),(30,1,9,4,'EEEEE','SHOOTING_END','New callsign',1,462,43662,'Ka-50',NULL,'Cannon','CANNON',NULL,NULL,NULL,NULL,NULL,'\0',NULL,NULL,NULL,NULL),(31,1,9,4,'EEEEE','SHOOTING_END','New callsign',1,467,43667,'Ka-50',NULL,'Cannon','CANNON',NULL,NULL,NULL,NULL,NULL,'\0',NULL,NULL,NULL,NULL),(32,1,9,4,'EEEEE','SHOOTING_END','New callsign',1,468,43668,'Ka-50',NULL,'Cannon','CANNON',NULL,NULL,NULL,NULL,NULL,'\0',NULL,NULL,NULL,NULL),(33,1,9,4,'EEEEE','SHOOTING_END','New callsign',1,469,43669,'Ka-50',NULL,'Cannon','CANNON',NULL,NULL,NULL,NULL,NULL,'\0',NULL,NULL,NULL,NULL),(34,1,9,4,'EEEEE','SHOOTING_END','New callsign',1,470,43670,'Ka-50',NULL,'Cannon','CANNON',NULL,NULL,NULL,NULL,NULL,'\0',NULL,NULL,NULL,NULL),(35,1,9,4,'EEEEE','SHOOTING_END','New callsign',1,472,43672,'Ka-50',NULL,'Cannon','CANNON',NULL,NULL,NULL,NULL,NULL,'\0',NULL,NULL,NULL,NULL),(36,1,9,4,'EEEEE','SHOOTING_END','New callsign',1,484,43684,'Ka-50',NULL,'Cannon','CANNON',NULL,NULL,NULL,NULL,NULL,'\0',NULL,NULL,NULL,NULL),(37,1,9,4,'EEEEE','SHOOTING_END','New callsign',1,485,43685,'Ka-50',NULL,'Cannon','CANNON',NULL,NULL,NULL,NULL,NULL,'\0',NULL,NULL,NULL,NULL),(38,1,9,4,'EEEEE','SHOOTING_END','New callsign',1,487,43687,'Ka-50',NULL,'Cannon','CANNON',NULL,NULL,NULL,NULL,NULL,'\0',NULL,NULL,NULL,NULL),(39,1,9,4,'EEEEE','SHOOTING_END','New callsign',1,488,43688,'Ka-50',NULL,'Cannon','CANNON',NULL,NULL,NULL,NULL,NULL,'\0',NULL,NULL,NULL,NULL),(40,1,9,4,'EEEEE','SHOOTING_END','New callsign',1,488,43688,'Ka-50',NULL,'Cannon','CANNON',NULL,NULL,NULL,NULL,NULL,'\0',NULL,NULL,NULL,NULL),(41,1,9,4,'EEEEE','SHOOTING_END','New callsign',1,488,43688,'Ka-50',NULL,'Cannon','CANNON',NULL,NULL,NULL,NULL,NULL,'\0',NULL,NULL,NULL,NULL),(42,1,9,NULL,NULL,'DEAD','AI',1,493,43693,'KAMAZ Truck',NULL,NULL,NULL,'Unit #072','KAMAZ Truck','TRUCK','HELICOPTER',1,'\0',NULL,NULL,NULL,NULL),(43,1,9,4,'EEEEE','SHOT','New callsign',1,704,43904,'Ka-50',NULL,'Vikhr M','ROCKET',NULL,NULL,NULL,NULL,NULL,'\0',NULL,NULL,NULL,NULL),(44,1,9,4,'EEEEE','HIT','New callsign',1,705,43905,'Ka-50',NULL,'Vikhr M','ROCKET','Unit #069','Ural-4320 APA-5D','TRUCK','HELICOPTER',1,'\0',NULL,NULL,NULL,NULL),(45,1,9,4,'EEEEE','SHOT','New callsign',1,711,43911,'Ka-50',NULL,'Vikhr M','ROCKET',NULL,NULL,NULL,NULL,NULL,'\0',NULL,NULL,NULL,NULL),(46,1,9,4,'EEEEE','HIT','New callsign',1,713,43913,'Ka-50',NULL,'Vikhr M','ROCKET','Unit #069','Ural-4320 APA-5D','TRUCK','HELICOPTER',1,'\0',NULL,NULL,NULL,NULL),(47,1,9,4,'EEEEE','SHOT','New callsign',1,716,43916,'Ka-50',NULL,'Vikhr M','ROCKET',NULL,NULL,NULL,NULL,NULL,'\0',NULL,NULL,NULL,NULL),(48,1,9,4,'EEEEE','HIT','New callsign',1,717,43917,'Ka-50',NULL,'Vikhr M','ROCKET','Unit #069','Ural-4320 APA-5D','TRUCK','HELICOPTER',1,'\0',NULL,NULL,NULL,NULL),(49,1,9,4,'EEEEE','SHOT','New callsign',1,720,43920,'Ka-50',NULL,'Vikhr M','ROCKET',NULL,NULL,NULL,NULL,NULL,'\0',NULL,NULL,NULL,NULL),(50,1,9,4,'EEEEE','SHOT','New callsign',1,728,43928,'Ka-50',NULL,'Vikhr M','ROCKET',NULL,NULL,NULL,NULL,NULL,'\0',NULL,NULL,NULL,NULL),(51,1,9,4,'EEEEE','SHOT','New callsign',1,731,43931,'Ka-50',NULL,'Vikhr M','ROCKET',NULL,NULL,NULL,NULL,NULL,'\0',NULL,NULL,NULL,NULL),(52,1,9,4,'EEEEE','SHOT','New callsign',1,734,43934,'Ka-50',NULL,'Vikhr M','ROCKET',NULL,NULL,NULL,NULL,NULL,'\0',NULL,NULL,NULL,NULL),(53,1,9,4,'EEEEE','SHOT','New callsign',1,736,43936,'Ka-50',NULL,'Vikhr M','ROCKET',NULL,NULL,NULL,NULL,NULL,'\0',NULL,NULL,NULL,NULL),(54,1,9,NULL,NULL,'DEAD','AI',1,747,43947,'Ural-4320 APA-5D',NULL,NULL,NULL,'Unit #069','Ural-4320 APA-5D','TRUCK','HELICOPTER',1,'\0',NULL,NULL,NULL,NULL),(55,1,9,4,'EEEEE','SHOT','New callsign',1,990,44190,'Ka-50',NULL,'Vikhr M','ROCKET',NULL,NULL,NULL,NULL,NULL,'\0',NULL,NULL,NULL,NULL),(56,1,9,4,'EEEEE','HIT','New callsign',1,1008,44208,'Ka-50',NULL,'Vikhr M','ROCKET','InsInfSqdA7#001-08','Infantry AK Ins','INFANTRY','HELICOPTER',2,'\0',NULL,NULL,NULL,NULL),(57,1,9,4,'EEEEE','HIT','New callsign',1,1008,44208,'Ka-50',NULL,'Vikhr M','ROCKET','InsInfSqdA7#001-05','Infantry AK Ins','INFANTRY','HELICOPTER',2,'\0',NULL,NULL,NULL,NULL),(58,1,9,4,'EEEEE','HIT','New callsign',1,1008,44208,'Ka-50',NULL,'Vikhr M','ROCKET','InsInfSqdA7#001-06','Infantry AK Ins','INFANTRY','HELICOPTER',2,'\0',NULL,NULL,NULL,NULL),(59,1,9,4,'EEEEE','HIT','New callsign',1,1008,44208,'Ka-50',NULL,'Vikhr M','ROCKET','InsInfSqdA7#001-07','Soldier RPG','INFANTRY','HELICOPTER',2,'\0',NULL,NULL,NULL,NULL),(60,1,9,4,'EEEEE','HIT','New callsign',1,1008,44208,'Ka-50',NULL,'Vikhr M','ROCKET','InsInfSqdA7#001-02','Infantry AK Ins','INFANTRY','HELICOPTER',2,'\0',NULL,NULL,NULL,NULL),(61,1,9,4,'EEEEE','HIT','New callsign',1,1008,44208,'Ka-50',NULL,'Vikhr M','ROCKET','InsInfSqdA7#001-04','Infantry AK Ins','INFANTRY','HELICOPTER',2,'\0',NULL,NULL,NULL,NULL),(62,1,9,4,'EEEEE','HIT','New callsign',1,1008,44208,'Ka-50',NULL,'Vikhr M','ROCKET','InsInfSqdA7#001-03','Infantry AK Ins','INFANTRY','HELICOPTER',2,'\0',NULL,NULL,NULL,NULL),(63,1,9,4,'EEEEE','HIT','New callsign',1,1008,44208,'Ka-50',NULL,'Vikhr M','ROCKET','InsInfSqdA7#001-01','Soldier AK','INFANTRY','HELICOPTER',2,'\0',NULL,NULL,NULL,NULL),(64,1,9,NULL,NULL,'DEAD','AI',2,1011,44211,'Infantry AK Ins',NULL,NULL,NULL,'InsInfSqdA7#001-04','Infantry AK Ins','INFANTRY','HELICOPTER',2,'\0',NULL,NULL,NULL,NULL),(65,1,9,NULL,NULL,'DEAD','AI',2,1011,44211,'Infantry AK Ins',NULL,NULL,NULL,'InsInfSqdA7#001-06','Infantry AK Ins','INFANTRY','HELICOPTER',2,'\0',NULL,NULL,NULL,NULL),(66,1,9,NULL,NULL,'DEAD','AI',2,1011,44211,'Infantry AK Ins',NULL,NULL,NULL,'InsInfSqdA7#001-05','Infantry AK Ins','INFANTRY','HELICOPTER',2,'\0',NULL,NULL,NULL,NULL),(67,1,9,NULL,NULL,'DEAD','AI',2,1011,44211,'Infantry AK Ins',NULL,NULL,NULL,'InsInfSqdA7#001-03','Infantry AK Ins','INFANTRY','HELICOPTER',2,'\0',NULL,NULL,NULL,NULL),(68,1,9,NULL,NULL,'DEAD','AI',2,1011,44211,'Infantry AK Ins',NULL,NULL,NULL,'InsInfSqdA7#001-02','Infantry AK Ins','INFANTRY','HELICOPTER',2,'\0',NULL,NULL,NULL,NULL),(69,1,9,4,'EEEEE','SHOT','New callsign',1,1019,44219,'Ka-50',NULL,'Vikhr M','ROCKET',NULL,NULL,NULL,NULL,NULL,'\0',NULL,NULL,NULL,NULL),(70,1,9,NULL,NULL,'DEAD','AI',2,1047,44247,'Soldier AK',NULL,NULL,NULL,'InsInfSqdA7#001-01','Soldier AK','INFANTRY','HELICOPTER',2,'\0',NULL,NULL,NULL,NULL),(71,1,9,4,'EEEEE','SHOT','New callsign',1,1069,44269,'Ka-50',NULL,'Vikhr M','ROCKET',NULL,NULL,NULL,NULL,NULL,'\0',NULL,NULL,NULL,NULL),(72,1,9,4,'EEEEE','HIT','New callsign',1,1085,44285,'Ka-50',NULL,'Vikhr M','ROCKET','InsMANPADSqd2#001-01','Igla manpad INS','MANPADS','HELICOPTER',2,'\0',NULL,NULL,NULL,NULL),(73,1,9,4,'EEEEE','HIT','New callsign',1,1085,44285,'Ka-50',NULL,'Vikhr M','ROCKET','InsMANPADSqd2#001-02','Igla manpad INS','MANPADS','HELICOPTER',2,'\0',NULL,NULL,NULL,NULL),(74,1,9,4,'EEEEE','HIT','New callsign',1,1085,44285,'Ka-50',NULL,'Vikhr M','ROCKET','InsMANPADSqd2#001-03','Soldier AK','INFANTRY','HELICOPTER',2,'\0',NULL,NULL,NULL,NULL),(75,1,9,NULL,NULL,'DEAD','AI',2,1088,44288,'Igla manpad INS',NULL,NULL,NULL,'InsMANPADSqd2#001-01','Igla manpad INS','MANPADS','HELICOPTER',2,'\0',NULL,NULL,NULL,NULL),(76,1,9,NULL,NULL,'DEAD','AI',2,1088,44288,'Igla manpad INS',NULL,NULL,NULL,'InsMANPADSqd2#001-02','Igla manpad INS','MANPADS','HELICOPTER',2,'\0',NULL,NULL,NULL,NULL),(77,1,9,NULL,NULL,'DEAD','AI',2,1124,44324,'Soldier AK',NULL,NULL,NULL,'InsMANPADSqd2#001-03','Soldier AK','INFANTRY','HELICOPTER',2,'\0',NULL,NULL,NULL,NULL),(78,1,9,4,'EEEEE','SHOOTING_START','New callsign',1,1133,44333,'Ka-50',NULL,'Cannon','CANNON',NULL,NULL,NULL,NULL,NULL,'\0',NULL,NULL,NULL,NULL),(79,1,9,4,'EEEEE','SHOOTING_END','New callsign',1,1133,44333,'Ka-50',NULL,'Cannon','CANNON',NULL,NULL,NULL,NULL,NULL,'\0',NULL,NULL,NULL,NULL),(80,1,9,4,'EEEEE','SHOOTING_START','New callsign',1,1193,44393,'Ka-50',NULL,'Cannon','CANNON',NULL,NULL,NULL,NULL,NULL,'\0',NULL,NULL,NULL,NULL),(81,1,9,4,'EEEEE','SHOOTING_END','New callsign',1,1194,44394,'Ka-50',NULL,'Cannon','CANNON',NULL,NULL,NULL,NULL,NULL,'\0',NULL,NULL,NULL,NULL),(82,1,9,4,'EEEEE','SHOOTING_START','New callsign',1,1196,44396,'Ka-50',NULL,'Cannon','CANNON',NULL,NULL,NULL,NULL,NULL,'\0',NULL,NULL,NULL,NULL),(83,1,9,4,'EEEEE','SHOOTING_END','New callsign',1,1197,44397,'Ka-50',NULL,'Cannon','CANNON',NULL,NULL,NULL,NULL,NULL,'\0',NULL,NULL,NULL,NULL),(84,1,9,4,'EEEEE','SHOOTING_START','New callsign',1,1199,44399,'Ka-50',NULL,'Cannon','CANNON',NULL,NULL,NULL,NULL,NULL,'\0',NULL,NULL,NULL,NULL),(85,1,9,4,'EEEEE','SHOOTING_END','New callsign',1,1199,44399,'Ka-50',NULL,'Cannon','CANNON',NULL,NULL,NULL,NULL,NULL,'\0',NULL,NULL,NULL,NULL),(86,1,9,4,'EEEEE','PILOT_DEAD','New callsign',1,1217,44417,'Ka-50',NULL,NULL,NULL,NULL,NULL,NULL,NULL,NULL,'\0',NULL,NULL,NULL,NULL),(87,1,9,4,'EEEEE','CRASH','New callsign',1,1217,44417,'Ka-50',NULL,NULL,NULL,NULL,NULL,NULL,NULL,NULL,'\0',NULL,NULL,NULL,NULL),(88,4,14,8,'173aaebb8ffc9a029ead1492cf79f894','TAKEOFF','KI Test Account',1,260,43460,'Su-25T','Nalchik',NULL,NULL,NULL,NULL,NULL,NULL,NULL,'\0',NULL,NULL,NULL,NULL),(89,4,15,-1,'173aaebb8ffc9a029ead1492cf79f894','PLAYER_LEAVE_UNIT','KI Test Account',1,429,43629,'Su-25T',NULL,NULL,NULL,NULL,NULL,NULL,NULL,NULL,'\0',NULL,NULL,NULL,NULL),(90,4,15,9,'173aaebb8ffc9a029ead1492cf79f894','TAKEOFF','KI Test Account',1,556,43756,'Su-25T','Nalchik',NULL,NULL,NULL,NULL,NULL,NULL,NULL,'\0',NULL,NULL,NULL,NULL),(91,4,15,9,'173aaebb8ffc9a029ead1492cf79f894','SHOOTING_START','KI Test Account',1,639,43839,'Su-25T',NULL,'Cannon','CANNON',NULL,NULL,NULL,NULL,NULL,'\0',NULL,NULL,NULL,NULL),(92,4,15,9,'173aaebb8ffc9a029ead1492cf79f894','SHOOTING_END','KI Test Account',1,639,43839,'Su-25T',NULL,'Cannon','CANNON',NULL,NULL,NULL,NULL,NULL,'\0',NULL,NULL,NULL,NULL),(93,4,15,9,'173aaebb8ffc9a029ead1492cf79f894','SHOOTING_START','KI Test Account',1,651,43851,'Su-25T',NULL,'Cannon','CANNON',NULL,NULL,NULL,NULL,NULL,'\0',NULL,NULL,NULL,NULL),(94,4,15,9,'173aaebb8ffc9a029ead1492cf79f894','SHOOTING_END','KI Test Account',1,652,43852,'Su-25T',NULL,'Cannon','CANNON',NULL,NULL,NULL,NULL,NULL,'\0',NULL,NULL,NULL,NULL),(95,4,15,9,'173aaebb8ffc9a029ead1492cf79f894','SHOOTING_START','KI Test Account',1,653,43853,'Su-25T',NULL,'Cannon','CANNON',NULL,NULL,NULL,NULL,NULL,'\0',NULL,NULL,NULL,NULL),(96,4,15,9,'173aaebb8ffc9a029ead1492cf79f894','SHOOTING_END','KI Test Account',1,654,43854,'Su-25T',NULL,'Cannon','CANNON',NULL,NULL,NULL,NULL,NULL,'\0',NULL,NULL,NULL,NULL),(97,4,15,9,'173aaebb8ffc9a029ead1492cf79f894','SHOOTING_START','KI Test Account',1,654,43854,'Su-25T',NULL,'Cannon','CANNON',NULL,NULL,NULL,NULL,NULL,'\0',NULL,NULL,NULL,NULL),(98,4,15,9,'173aaebb8ffc9a029ead1492cf79f894','SHOOTING_END','KI Test Account',1,654,43854,'Su-25T',NULL,'Cannon','CANNON',NULL,NULL,NULL,NULL,NULL,'\0',NULL,NULL,NULL,NULL),(99,4,15,9,'173aaebb8ffc9a029ead1492cf79f894','SHOOTING_START','KI Test Account',1,654,43854,'Su-25T',NULL,'Cannon','CANNON',NULL,NULL,NULL,NULL,NULL,'\0',NULL,NULL,NULL,NULL),(100,4,15,9,'173aaebb8ffc9a029ead1492cf79f894','SHOOTING_END','KI Test Account',1,654,43854,'Su-25T',NULL,'Cannon','CANNON',NULL,NULL,NULL,NULL,NULL,'\0',NULL,NULL,NULL,NULL),(101,4,15,9,'173aaebb8ffc9a029ead1492cf79f894','SHOOTING_START','KI Test Account',1,655,43855,'Su-25T',NULL,'Cannon','CANNON',NULL,NULL,NULL,NULL,NULL,'\0',NULL,NULL,NULL,NULL),(102,4,15,9,'173aaebb8ffc9a029ead1492cf79f894','SHOOTING_END','KI Test Account',1,655,43855,'Su-25T',NULL,'Cannon','CANNON',NULL,NULL,NULL,NULL,NULL,'\0',NULL,NULL,NULL,NULL),(103,4,15,9,'173aaebb8ffc9a029ead1492cf79f894','SHOOTING_START','KI Test Account',1,655,43855,'Su-25T',NULL,'Cannon','CANNON',NULL,NULL,NULL,NULL,NULL,'\0',NULL,NULL,NULL,NULL),(104,4,15,9,'173aaebb8ffc9a029ead1492cf79f894','SHOOTING_END','KI Test Account',1,655,43855,'Su-25T',NULL,'Cannon','CANNON',NULL,NULL,NULL,NULL,NULL,'\0',NULL,NULL,NULL,NULL),(105,4,15,9,'173aaebb8ffc9a029ead1492cf79f894','SHOOTING_START','KI Test Account',1,655,43855,'Su-25T',NULL,'Cannon','CANNON',NULL,NULL,NULL,NULL,NULL,'\0',NULL,NULL,NULL,NULL),(106,4,15,9,'173aaebb8ffc9a029ead1492cf79f894','SHOOTING_END','KI Test Account',1,656,43856,'Su-25T',NULL,'Cannon','CANNON',NULL,NULL,NULL,NULL,NULL,'\0',NULL,NULL,NULL,NULL),(107,4,15,9,'173aaebb8ffc9a029ead1492cf79f894','SHOOTING_START','KI Test Account',1,659,43859,'Su-25T',NULL,'Cannon','CANNON',NULL,NULL,NULL,NULL,NULL,'\0',NULL,NULL,NULL,NULL),(108,4,15,9,'173aaebb8ffc9a029ead1492cf79f894','SHOOTING_END','KI Test Account',1,659,43859,'Su-25T',NULL,'Cannon','CANNON',NULL,NULL,NULL,NULL,NULL,'\0',NULL,NULL,NULL,NULL),(109,4,15,9,'173aaebb8ffc9a029ead1492cf79f894','SHOOTING_START','KI Test Account',1,660,43860,'Su-25T',NULL,'Cannon','CANNON',NULL,NULL,NULL,NULL,NULL,'\0',NULL,NULL,NULL,NULL),(110,4,15,9,'173aaebb8ffc9a029ead1492cf79f894','SHOOTING_END','KI Test Account',1,660,43860,'Su-25T',NULL,'Cannon','CANNON',NULL,NULL,NULL,NULL,NULL,'\0',NULL,NULL,NULL,NULL),(111,4,15,9,'173aaebb8ffc9a029ead1492cf79f894','SHOOTING_START','KI Test Account',1,661,43861,'Su-25T',NULL,'Cannon','CANNON',NULL,NULL,NULL,NULL,NULL,'\0',NULL,NULL,NULL,NULL),(112,4,15,9,'173aaebb8ffc9a029ead1492cf79f894','SHOOTING_END','KI Test Account',1,662,43862,'Su-25T',NULL,'Cannon','CANNON',NULL,NULL,NULL,NULL,NULL,'\0',NULL,NULL,NULL,NULL),(113,4,15,9,'173aaebb8ffc9a029ead1492cf79f894','SHOOTING_START','KI Test Account',1,662,43862,'Su-25T',NULL,'Cannon','CANNON',NULL,NULL,NULL,NULL,NULL,'\0',NULL,NULL,NULL,NULL),(114,4,15,9,'173aaebb8ffc9a029ead1492cf79f894','SHOOTING_END','KI Test Account',1,662,43862,'Su-25T',NULL,'Cannon','CANNON',NULL,NULL,NULL,NULL,NULL,'\0',NULL,NULL,NULL,NULL),(115,4,15,9,'173aaebb8ffc9a029ead1492cf79f894','SHOOTING_START','KI Test Account',1,662,43862,'Su-25T',NULL,'Cannon','CANNON',NULL,NULL,NULL,NULL,NULL,'\0',NULL,NULL,NULL,NULL),(116,4,15,9,'173aaebb8ffc9a029ead1492cf79f894','SHOOTING_END','KI Test Account',1,662,43862,'Su-25T',NULL,'Cannon','CANNON',NULL,NULL,NULL,NULL,NULL,'\0',NULL,NULL,NULL,NULL),(117,4,15,9,'173aaebb8ffc9a029ead1492cf79f894','SHOOTING_START','KI Test Account',1,663,43863,'Su-25T',NULL,'Cannon','CANNON',NULL,NULL,NULL,NULL,NULL,'\0',NULL,NULL,NULL,NULL),(118,4,15,9,'173aaebb8ffc9a029ead1492cf79f894','SHOOTING_END','KI Test Account',1,663,43863,'Su-25T',NULL,'Cannon','CANNON',NULL,NULL,NULL,NULL,NULL,'\0',NULL,NULL,NULL,NULL),(119,4,15,9,'173aaebb8ffc9a029ead1492cf79f894','SHOOTING_START','KI Test Account',1,663,43863,'Su-25T',NULL,'Cannon','CANNON',NULL,NULL,NULL,NULL,NULL,'\0',NULL,NULL,NULL,NULL),(120,4,15,9,'173aaebb8ffc9a029ead1492cf79f894','SHOOTING_END','KI Test Account',1,663,43863,'Su-25T',NULL,'Cannon','CANNON',NULL,NULL,NULL,NULL,NULL,'\0',NULL,NULL,NULL,NULL),(121,4,15,9,'173aaebb8ffc9a029ead1492cf79f894','SHOOTING_START','KI Test Account',1,663,43863,'Su-25T',NULL,'Cannon','CANNON',NULL,NULL,NULL,NULL,NULL,'\0',NULL,NULL,NULL,NULL),(122,4,15,9,'173aaebb8ffc9a029ead1492cf79f894','SHOOTING_END','KI Test Account',1,663,43863,'Su-25T',NULL,'Cannon','CANNON',NULL,NULL,NULL,NULL,NULL,'\0',NULL,NULL,NULL,NULL),(123,4,15,9,'173aaebb8ffc9a029ead1492cf79f894','SHOOTING_START','KI Test Account',1,664,43864,'Su-25T',NULL,'Cannon','CANNON',NULL,NULL,NULL,NULL,NULL,'\0',NULL,NULL,NULL,NULL),(124,4,15,9,'173aaebb8ffc9a029ead1492cf79f894','SHOOTING_END','KI Test Account',1,664,43864,'Su-25T',NULL,'Cannon','CANNON',NULL,NULL,NULL,NULL,NULL,'\0',NULL,NULL,NULL,NULL),(125,4,15,9,'173aaebb8ffc9a029ead1492cf79f894','PLAYER_LEAVE_UNIT','KI Test Account',1,779,43979,'Su-25T',NULL,NULL,NULL,NULL,NULL,NULL,NULL,NULL,'\0',NULL,NULL,NULL,NULL),(126,4,17,10,'173aaebb8ffc9a029ead1492cf79f894','TAKEOFF','KI Test Account',1,306,43506,'Su-25T','Nalchik',NULL,NULL,NULL,NULL,NULL,NULL,NULL,'\0',NULL,NULL,NULL,NULL),(127,4,17,10,'173aaebb8ffc9a029ead1492cf79f894','SHOOTING_START','KI Test Account',1,327,43527,'Su-25T',NULL,'Cannon','CANNON',NULL,NULL,NULL,NULL,NULL,'\0',NULL,NULL,NULL,NULL),(128,4,17,10,'173aaebb8ffc9a029ead1492cf79f894','SHOOTING_END','KI Test Account',1,328,43528,'Su-25T',NULL,'Cannon','CANNON',NULL,NULL,NULL,NULL,NULL,'\0',NULL,NULL,NULL,NULL),(129,4,17,10,'173aaebb8ffc9a029ead1492cf79f894','SHOOTING_START','KI Test Account',1,332,43532,'Su-25T',NULL,'Cannon','CANNON',NULL,NULL,NULL,NULL,NULL,'\0',NULL,NULL,NULL,NULL),(130,4,17,10,'173aaebb8ffc9a029ead1492cf79f894','SHOOTING_END','KI Test Account',1,333,43533,'Su-25T',NULL,'Cannon','CANNON',NULL,NULL,NULL,NULL,NULL,'\0',NULL,NULL,NULL,NULL),(131,4,17,10,'173aaebb8ffc9a029ead1492cf79f894','SHOOTING_START','KI Test Account',1,337,43537,'Su-25T',NULL,'Cannon','CANNON',NULL,NULL,NULL,NULL,NULL,'\0',NULL,NULL,NULL,NULL),(132,4,17,10,'173aaebb8ffc9a029ead1492cf79f894','SHOOTING_END','KI Test Account',1,338,43538,'Su-25T',NULL,'Cannon','CANNON',NULL,NULL,NULL,NULL,NULL,'\0',NULL,NULL,NULL,NULL),(133,4,17,10,'173aaebb8ffc9a029ead1492cf79f894','SHOOTING_START','KI Test Account',1,339,43539,'Su-25T',NULL,'Cannon','CANNON',NULL,NULL,NULL,NULL,NULL,'\0',NULL,NULL,NULL,NULL),(134,4,17,10,'173aaebb8ffc9a029ead1492cf79f894','SHOOTING_END','KI Test Account',1,339,43539,'Su-25T',NULL,'Cannon','CANNON',NULL,NULL,NULL,NULL,NULL,'\0',NULL,NULL,NULL,NULL),(135,4,17,10,'173aaebb8ffc9a029ead1492cf79f894','SHOOTING_START','KI Test Account',1,340,43540,'Su-25T',NULL,'Cannon','CANNON',NULL,NULL,NULL,NULL,NULL,'\0',NULL,NULL,NULL,NULL),(136,4,17,10,'173aaebb8ffc9a029ead1492cf79f894','SHOOTING_END','KI Test Account',1,340,43540,'Su-25T',NULL,'Cannon','CANNON',NULL,NULL,NULL,NULL,NULL,'\0',NULL,NULL,NULL,NULL),(137,4,17,10,'173aaebb8ffc9a029ead1492cf79f894','SHOOTING_START','KI Test Account',1,340,43540,'Su-25T',NULL,'Cannon','CANNON',NULL,NULL,NULL,NULL,NULL,'\0',NULL,NULL,NULL,NULL),(138,4,17,10,'173aaebb8ffc9a029ead1492cf79f894','SHOOTING_END','KI Test Account',1,340,43540,'Su-25T',NULL,'Cannon','CANNON',NULL,NULL,NULL,NULL,NULL,'\0',NULL,NULL,NULL,NULL),(139,4,17,10,'173aaebb8ffc9a029ead1492cf79f894','SHOOTING_START','KI Test Account',1,346,43546,'Su-25T',NULL,'Cannon','CANNON',NULL,NULL,NULL,NULL,NULL,'\0',NULL,NULL,NULL,NULL),(140,4,17,10,'173aaebb8ffc9a029ead1492cf79f894','SHOOTING_END','KI Test Account',1,346,43546,'Su-25T',NULL,'Cannon','CANNON',NULL,NULL,NULL,NULL,NULL,'\0',NULL,NULL,NULL,NULL),(141,4,17,10,'173aaebb8ffc9a029ead1492cf79f894','SHOOTING_START','KI Test Account',1,347,43547,'Su-25T',NULL,'Cannon','CANNON',NULL,NULL,NULL,NULL,NULL,'\0',NULL,NULL,NULL,NULL),(142,4,17,10,'173aaebb8ffc9a029ead1492cf79f894','SHOOTING_END','KI Test Account',1,347,43547,'Su-25T',NULL,'Cannon','CANNON',NULL,NULL,NULL,NULL,NULL,'\0',NULL,NULL,NULL,NULL),(143,4,17,10,'173aaebb8ffc9a029ead1492cf79f894','SHOOTING_START','KI Test Account',1,348,43548,'Su-25T',NULL,'Cannon','CANNON',NULL,NULL,NULL,NULL,NULL,'\0',NULL,NULL,NULL,NULL),(144,4,17,10,'173aaebb8ffc9a029ead1492cf79f894','SHOOTING_END','KI Test Account',1,348,43548,'Su-25T',NULL,'Cannon','CANNON',NULL,NULL,NULL,NULL,NULL,'\0',NULL,NULL,NULL,NULL),(145,4,17,10,'173aaebb8ffc9a029ead1492cf79f894','SHOOTING_START','KI Test Account',1,348,43548,'Su-25T',NULL,'Cannon','CANNON',NULL,NULL,NULL,NULL,NULL,'\0',NULL,NULL,NULL,NULL),(146,4,17,10,'173aaebb8ffc9a029ead1492cf79f894','SHOOTING_END','KI Test Account',1,349,43549,'Su-25T',NULL,'Cannon','CANNON',NULL,NULL,NULL,NULL,NULL,'\0',NULL,NULL,NULL,NULL),(147,4,17,10,'173aaebb8ffc9a029ead1492cf79f894','SHOOTING_START','KI Test Account',1,349,43549,'Su-25T',NULL,'Cannon','CANNON',NULL,NULL,NULL,NULL,NULL,'\0',NULL,NULL,NULL,NULL),(148,4,17,10,'173aaebb8ffc9a029ead1492cf79f894','SHOOTING_END','KI Test Account',1,349,43549,'Su-25T',NULL,'Cannon','CANNON',NULL,NULL,NULL,NULL,NULL,'\0',NULL,NULL,NULL,NULL),(149,4,17,10,'173aaebb8ffc9a029ead1492cf79f894','SHOOTING_START','KI Test Account',1,350,43550,'Su-25T',NULL,'Cannon','CANNON',NULL,NULL,NULL,NULL,NULL,'\0',NULL,NULL,NULL,NULL),(150,4,17,10,'173aaebb8ffc9a029ead1492cf79f894','SHOOTING_END','KI Test Account',1,350,43550,'Su-25T',NULL,'Cannon','CANNON',NULL,NULL,NULL,NULL,NULL,'\0',NULL,NULL,NULL,NULL),(151,4,17,10,'173aaebb8ffc9a029ead1492cf79f894','SHOOTING_START','KI Test Account',1,351,43551,'Su-25T',NULL,'Cannon','CANNON',NULL,NULL,NULL,NULL,NULL,'\0',NULL,NULL,NULL,NULL),(152,4,17,10,'173aaebb8ffc9a029ead1492cf79f894','SHOOTING_END','KI Test Account',1,351,43551,'Su-25T',NULL,'Cannon','CANNON',NULL,NULL,NULL,NULL,NULL,'\0',NULL,NULL,NULL,NULL),(153,4,17,10,'173aaebb8ffc9a029ead1492cf79f894','SHOOTING_START','KI Test Account',1,352,43552,'Su-25T',NULL,'Cannon','CANNON',NULL,NULL,NULL,NULL,NULL,'\0',NULL,NULL,NULL,NULL),(154,4,17,10,'173aaebb8ffc9a029ead1492cf79f894','SHOOTING_END','KI Test Account',1,352,43552,'Su-25T',NULL,'Cannon','CANNON',NULL,NULL,NULL,NULL,NULL,'\0',NULL,NULL,NULL,NULL),(155,4,17,10,'173aaebb8ffc9a029ead1492cf79f894','SHOOTING_START','KI Test Account',1,372,43572,'Su-25T',NULL,'Cannon','CANNON',NULL,NULL,NULL,NULL,NULL,'\0',NULL,NULL,NULL,NULL),(156,4,17,10,'173aaebb8ffc9a029ead1492cf79f894','SHOOTING_END','KI Test Account',1,372,43572,'Su-25T',NULL,'Cannon','CANNON',NULL,NULL,NULL,NULL,NULL,'\0',NULL,NULL,NULL,NULL),(157,4,17,10,'173aaebb8ffc9a029ead1492cf79f894','PILOT_DEAD','KI Test Account',1,393,43593,'Su-25T',NULL,NULL,NULL,NULL,NULL,NULL,NULL,NULL,'\0',NULL,NULL,NULL,NULL),(158,4,17,10,'173aaebb8ffc9a029ead1492cf79f894','CRASH','KI Test Account',1,393,43593,'Su-25T',NULL,NULL,NULL,NULL,NULL,NULL,NULL,NULL,'\0',NULL,NULL,NULL,NULL),(159,4,17,10,'173aaebb8ffc9a029ead1492cf79f894','PLAYER_LEAVE_UNIT','KI Test Account',1,501,43701,'Su-25T',NULL,NULL,NULL,NULL,NULL,NULL,NULL,NULL,'\0',NULL,NULL,NULL,NULL),(160,4,17,11,'173aaebb8ffc9a029ead1492cf79f894','TAKEOFF','KI Test Account',1,787,43987,'Su-25T','Nalchik',NULL,NULL,NULL,NULL,NULL,NULL,NULL,'\0',NULL,NULL,NULL,NULL),(161,4,17,11,'173aaebb8ffc9a029ead1492cf79f894','SHOOTING_START','KI Test Account',1,820,44020,'Su-25T',NULL,'Cannon','CANNON',NULL,NULL,NULL,NULL,NULL,'\0',NULL,NULL,NULL,NULL),(162,4,17,11,'173aaebb8ffc9a029ead1492cf79f894','SHOOTING_END','KI Test Account',1,820,44020,'Su-25T',NULL,'Cannon','CANNON',NULL,NULL,NULL,NULL,NULL,'\0',NULL,NULL,NULL,NULL),(163,4,17,11,'173aaebb8ffc9a029ead1492cf79f894','SHOOTING_START','KI Test Account',1,821,44021,'Su-25T',NULL,'Cannon','CANNON',NULL,NULL,NULL,NULL,NULL,'\0',NULL,NULL,NULL,NULL),(164,4,17,11,'173aaebb8ffc9a029ead1492cf79f894','SHOOTING_END','KI Test Account',1,821,44021,'Su-25T',NULL,'Cannon','CANNON',NULL,NULL,NULL,NULL,NULL,'\0',NULL,NULL,NULL,NULL),(165,4,17,11,'173aaebb8ffc9a029ead1492cf79f894','SHOOTING_START','KI Test Account',1,823,44023,'Su-25T',NULL,'Cannon','CANNON',NULL,NULL,NULL,NULL,NULL,'\0',NULL,NULL,NULL,NULL),(166,4,17,11,'173aaebb8ffc9a029ead1492cf79f894','SHOOTING_END','KI Test Account',1,823,44023,'Su-25T',NULL,'Cannon','CANNON',NULL,NULL,NULL,NULL,NULL,'\0',NULL,NULL,NULL,NULL),(167,4,17,11,'173aaebb8ffc9a029ead1492cf79f894','SHOOTING_START','KI Test Account',1,824,44024,'Su-25T',NULL,'Cannon','CANNON',NULL,NULL,NULL,NULL,NULL,'\0',NULL,NULL,NULL,NULL),(168,4,17,11,'173aaebb8ffc9a029ead1492cf79f894','SHOOTING_END','KI Test Account',1,824,44024,'Su-25T',NULL,'Cannon','CANNON',NULL,NULL,NULL,NULL,NULL,'\0',NULL,NULL,NULL,NULL),(169,4,17,11,'173aaebb8ffc9a029ead1492cf79f894','SHOOTING_START','KI Test Account',1,828,44028,'Su-25T',NULL,'Cannon','CANNON',NULL,NULL,NULL,NULL,NULL,'\0',NULL,NULL,NULL,NULL),(170,4,17,11,'173aaebb8ffc9a029ead1492cf79f894','SHOOTING_END','KI Test Account',1,828,44028,'Su-25T',NULL,'Cannon','CANNON',NULL,NULL,NULL,NULL,NULL,'\0',NULL,NULL,NULL,NULL),(171,4,17,11,'173aaebb8ffc9a029ead1492cf79f894','SHOOTING_START','KI Test Account',1,832,44032,'Su-25T',NULL,'Cannon','CANNON',NULL,NULL,NULL,NULL,NULL,'\0',NULL,NULL,NULL,NULL),(172,4,17,11,'173aaebb8ffc9a029ead1492cf79f894','SHOOTING_END','KI Test Account',1,832,44032,'Su-25T',NULL,'Cannon','CANNON',NULL,NULL,NULL,NULL,NULL,'\0',NULL,NULL,NULL,NULL),(173,4,17,11,'173aaebb8ffc9a029ead1492cf79f894','SHOOTING_START','KI Test Account',1,833,44033,'Su-25T',NULL,'Cannon','CANNON',NULL,NULL,NULL,NULL,NULL,'\0',NULL,NULL,NULL,NULL),(174,4,17,11,'173aaebb8ffc9a029ead1492cf79f894','SHOOTING_END','KI Test Account',1,833,44033,'Su-25T',NULL,'Cannon','CANNON',NULL,NULL,NULL,NULL,NULL,'\0',NULL,NULL,NULL,NULL),(175,4,17,11,'173aaebb8ffc9a029ead1492cf79f894','SHOOTING_START','KI Test Account',1,837,44037,'Su-25T',NULL,'Cannon','CANNON',NULL,NULL,NULL,NULL,NULL,'\0',NULL,NULL,NULL,NULL),(176,4,17,11,'173aaebb8ffc9a029ead1492cf79f894','SHOOTING_END','KI Test Account',1,837,44037,'Su-25T',NULL,'Cannon','CANNON',NULL,NULL,NULL,NULL,NULL,'\0',NULL,NULL,NULL,NULL),(177,4,17,11,'173aaebb8ffc9a029ead1492cf79f894','SHOOTING_START','KI Test Account',1,838,44038,'Su-25T',NULL,'Cannon','CANNON',NULL,NULL,NULL,NULL,NULL,'\0',NULL,NULL,NULL,NULL),(178,4,17,11,'173aaebb8ffc9a029ead1492cf79f894','SHOOTING_END','KI Test Account',1,838,44038,'Su-25T',NULL,'Cannon','CANNON',NULL,NULL,NULL,NULL,NULL,'\0',NULL,NULL,NULL,NULL),(179,4,17,11,'173aaebb8ffc9a029ead1492cf79f894','SHOOTING_START','KI Test Account',1,839,44039,'Su-25T',NULL,'Cannon','CANNON',NULL,NULL,NULL,NULL,NULL,'\0',NULL,NULL,NULL,NULL),(180,4,17,11,'173aaebb8ffc9a029ead1492cf79f894','SHOOTING_END','KI Test Account',1,839,44039,'Su-25T',NULL,'Cannon','CANNON',NULL,NULL,NULL,NULL,NULL,'\0',NULL,NULL,NULL,NULL),(181,4,17,11,'173aaebb8ffc9a029ead1492cf79f894','SHOOTING_START','KI Test Account',1,840,44040,'Su-25T',NULL,'Cannon','CANNON',NULL,NULL,NULL,NULL,NULL,'\0',NULL,NULL,NULL,NULL),(182,4,17,11,'173aaebb8ffc9a029ead1492cf79f894','SHOOTING_END','KI Test Account',1,840,44040,'Su-25T',NULL,'Cannon','CANNON',NULL,NULL,NULL,NULL,NULL,'\0',NULL,NULL,NULL,NULL),(183,4,17,11,'173aaebb8ffc9a029ead1492cf79f894','SHOOTING_START','KI Test Account',1,874,44074,'Su-25T',NULL,'Cannon','CANNON',NULL,NULL,NULL,NULL,NULL,'\0',NULL,NULL,NULL,NULL),(184,4,17,11,'173aaebb8ffc9a029ead1492cf79f894','SHOOTING_END','KI Test Account',1,874,44074,'Su-25T',NULL,'Cannon','CANNON',NULL,NULL,NULL,NULL,NULL,'\0',NULL,NULL,NULL,NULL),(185,4,17,11,'173aaebb8ffc9a029ead1492cf79f894','SHOOTING_START','KI Test Account',1,875,44075,'Su-25T',NULL,'Cannon','CANNON',NULL,NULL,NULL,NULL,NULL,'\0',NULL,NULL,NULL,NULL),(186,4,17,11,'173aaebb8ffc9a029ead1492cf79f894','SHOOTING_END','KI Test Account',1,875,44075,'Su-25T',NULL,'Cannon','CANNON',NULL,NULL,NULL,NULL,NULL,'\0',NULL,NULL,NULL,NULL),(187,4,17,11,'173aaebb8ffc9a029ead1492cf79f894','SHOOTING_START','KI Test Account',1,876,44076,'Su-25T',NULL,'Cannon','CANNON',NULL,NULL,NULL,NULL,NULL,'\0',NULL,NULL,NULL,NULL),(188,4,17,11,'173aaebb8ffc9a029ead1492cf79f894','SHOOTING_END','KI Test Account',1,876,44076,'Su-25T',NULL,'Cannon','CANNON',NULL,NULL,NULL,NULL,NULL,'\0',NULL,NULL,NULL,NULL),(189,4,17,11,'173aaebb8ffc9a029ead1492cf79f894','SHOOTING_START','KI Test Account',1,884,44084,'Su-25T',NULL,'Cannon','CANNON',NULL,NULL,NULL,NULL,NULL,'\0',NULL,NULL,NULL,NULL),(190,4,17,11,'173aaebb8ffc9a029ead1492cf79f894','SHOOTING_END','KI Test Account',1,884,44084,'Su-25T',NULL,'Cannon','CANNON',NULL,NULL,NULL,NULL,NULL,'\0',NULL,NULL,NULL,NULL),(191,4,17,11,'173aaebb8ffc9a029ead1492cf79f894','SHOOTING_START','KI Test Account',1,887,44087,'Su-25T',NULL,'Cannon','CANNON',NULL,NULL,NULL,NULL,NULL,'\0',NULL,NULL,NULL,NULL),(192,4,17,11,'173aaebb8ffc9a029ead1492cf79f894','SHOOTING_END','KI Test Account',1,887,44087,'Su-25T',NULL,'Cannon','CANNON',NULL,NULL,NULL,NULL,NULL,'\0',NULL,NULL,NULL,NULL),(193,4,17,11,'173aaebb8ffc9a029ead1492cf79f894','SHOOTING_START','KI Test Account',1,889,44089,'Su-25T',NULL,'Cannon','CANNON',NULL,NULL,NULL,NULL,NULL,'\0',NULL,NULL,NULL,NULL),(194,4,17,11,'173aaebb8ffc9a029ead1492cf79f894','SHOOTING_END','KI Test Account',1,890,44090,'Su-25T',NULL,'Cannon','CANNON',NULL,NULL,NULL,NULL,NULL,'\0',NULL,NULL,NULL,NULL),(195,4,17,11,'173aaebb8ffc9a029ead1492cf79f894','SHOOTING_START','KI Test Account',1,892,44092,'Su-25T',NULL,'Cannon','CANNON',NULL,NULL,NULL,NULL,NULL,'\0',NULL,NULL,NULL,NULL),(196,4,17,11,'173aaebb8ffc9a029ead1492cf79f894','SHOOTING_END','KI Test Account',1,892,44092,'Su-25T',NULL,'Cannon','CANNON',NULL,NULL,NULL,NULL,NULL,'\0',NULL,NULL,NULL,NULL),(197,4,17,11,'173aaebb8ffc9a029ead1492cf79f894','SHOOTING_START','KI Test Account',1,892,44092,'Su-25T',NULL,'Cannon','CANNON',NULL,NULL,NULL,NULL,NULL,'\0',NULL,NULL,NULL,NULL),(198,4,17,11,'173aaebb8ffc9a029ead1492cf79f894','SHOOTING_END','KI Test Account',1,893,44093,'Su-25T',NULL,'Cannon','CANNON',NULL,NULL,NULL,NULL,NULL,'\0',NULL,NULL,NULL,NULL),(199,4,17,11,'173aaebb8ffc9a029ead1492cf79f894','SHOOTING_START','KI Test Account',1,895,44095,'Su-25T',NULL,'Cannon','CANNON',NULL,NULL,NULL,NULL,NULL,'\0',NULL,NULL,NULL,NULL),(200,4,17,11,'173aaebb8ffc9a029ead1492cf79f894','SHOOTING_END','KI Test Account',1,896,44096,'Su-25T',NULL,'Cannon','CANNON',NULL,NULL,NULL,NULL,NULL,'\0',NULL,NULL,NULL,NULL),(201,4,17,11,'173aaebb8ffc9a029ead1492cf79f894','SHOOTING_START','KI Test Account',1,897,44097,'Su-25T',NULL,'Cannon','CANNON',NULL,NULL,NULL,NULL,NULL,'\0',NULL,NULL,NULL,NULL),(202,4,17,11,'173aaebb8ffc9a029ead1492cf79f894','SHOOTING_END','KI Test Account',1,897,44097,'Su-25T',NULL,'Cannon','CANNON',NULL,NULL,NULL,NULL,NULL,'\0',NULL,NULL,NULL,NULL),(203,4,17,11,'173aaebb8ffc9a029ead1492cf79f894','SHOOTING_START','KI Test Account',1,898,44098,'Su-25T',NULL,'Cannon','CANNON',NULL,NULL,NULL,NULL,NULL,'\0',NULL,NULL,NULL,NULL),(204,4,17,11,'173aaebb8ffc9a029ead1492cf79f894','SHOOTING_END','KI Test Account',1,899,44099,'Su-25T',NULL,'Cannon','CANNON',NULL,NULL,NULL,NULL,NULL,'\0',NULL,NULL,NULL,NULL),(205,4,17,11,'173aaebb8ffc9a029ead1492cf79f894','SHOOTING_START','KI Test Account',1,906,44106,'Su-25T',NULL,'Cannon','CANNON',NULL,NULL,NULL,NULL,NULL,'\0',NULL,NULL,NULL,NULL),(206,4,17,11,'173aaebb8ffc9a029ead1492cf79f894','SHOOTING_END','KI Test Account',1,906,44106,'Su-25T',NULL,'Cannon','CANNON',NULL,NULL,NULL,NULL,NULL,'\0',NULL,NULL,NULL,NULL),(207,4,17,11,'173aaebb8ffc9a029ead1492cf79f894','SHOOTING_START','KI Test Account',1,909,44109,'Su-25T',NULL,'Cannon','CANNON',NULL,NULL,NULL,NULL,NULL,'\0',NULL,NULL,NULL,NULL),(208,4,17,11,'173aaebb8ffc9a029ead1492cf79f894','SHOOTING_END','KI Test Account',1,909,44109,'Su-25T',NULL,'Cannon','CANNON',NULL,NULL,NULL,NULL,NULL,'\0',NULL,NULL,NULL,NULL),(209,4,17,11,'173aaebb8ffc9a029ead1492cf79f894','SHOOTING_START','KI Test Account',1,910,44110,'Su-25T',NULL,'Cannon','CANNON',NULL,NULL,NULL,NULL,NULL,'\0',NULL,NULL,NULL,NULL),(210,4,17,11,'173aaebb8ffc9a029ead1492cf79f894','SHOOTING_END','KI Test Account',1,910,44110,'Su-25T',NULL,'Cannon','CANNON',NULL,NULL,NULL,NULL,NULL,'\0',NULL,NULL,NULL,NULL),(211,4,17,11,'173aaebb8ffc9a029ead1492cf79f894','LAND','KI Test Account',1,1177,44377,'Su-25T','Nalchik',NULL,NULL,NULL,NULL,NULL,NULL,NULL,'\0',NULL,NULL,NULL,NULL),(212,4,17,12,'173aaebb8ffc9a029ead1492cf79f894','TAKEOFF','KI Test Account',1,1177,44377,'Su-25T','Nalchik',NULL,NULL,NULL,NULL,NULL,NULL,NULL,'\0',NULL,NULL,NULL,NULL),(213,4,17,12,'173aaebb8ffc9a029ead1492cf79f894','LAND','KI Test Account',1,1182,44382,'Su-25T','Nalchik',NULL,NULL,NULL,NULL,NULL,NULL,NULL,'\0',NULL,NULL,NULL,NULL),(214,4,17,12,'173aaebb8ffc9a029ead1492cf79f894','PLAYER_LEAVE_UNIT','KI Test Account',1,1224,44424,'Su-25T',NULL,NULL,NULL,NULL,NULL,NULL,NULL,NULL,'\0',NULL,NULL,NULL,NULL),(215,4,17,13,'173aaebb8ffc9a029ead1492cf79f894','TAKEOFF','KI Test Account',1,1531,44731,'Su-25T','Nalchik',NULL,NULL,NULL,NULL,NULL,NULL,NULL,'\0',NULL,NULL,NULL,NULL),(216,4,17,13,'173aaebb8ffc9a029ead1492cf79f894','SHOOTING_START','KI Test Account',1,1583,44783,'Su-25T',NULL,'Cannon','CANNON',NULL,NULL,NULL,NULL,NULL,'\0',NULL,NULL,NULL,NULL),(217,4,17,13,'173aaebb8ffc9a029ead1492cf79f894','SHOOTING_END','KI Test Account',1,1584,44784,'Su-25T',NULL,'Cannon','CANNON',NULL,NULL,NULL,NULL,NULL,'\0',NULL,NULL,NULL,NULL),(218,4,17,13,'173aaebb8ffc9a029ead1492cf79f894','SHOOTING_START','KI Test Account',1,1585,44785,'Su-25T',NULL,'Cannon','CANNON',NULL,NULL,NULL,NULL,NULL,'\0',NULL,NULL,NULL,NULL),(219,4,17,13,'173aaebb8ffc9a029ead1492cf79f894','SHOOTING_END','KI Test Account',1,1585,44785,'Su-25T',NULL,'Cannon','CANNON',NULL,NULL,NULL,NULL,NULL,'\0',NULL,NULL,NULL,NULL),(220,4,17,13,'173aaebb8ffc9a029ead1492cf79f894','SHOOTING_START','KI Test Account',1,1586,44786,'Su-25T',NULL,'Cannon','CANNON',NULL,NULL,NULL,NULL,NULL,'\0',NULL,NULL,NULL,NULL),(221,4,17,13,'173aaebb8ffc9a029ead1492cf79f894','SHOOTING_END','KI Test Account',1,1586,44786,'Su-25T',NULL,'Cannon','CANNON',NULL,NULL,NULL,NULL,NULL,'\0',NULL,NULL,NULL,NULL),(222,4,17,13,'173aaebb8ffc9a029ead1492cf79f894','SHOOTING_START','KI Test Account',1,1587,44787,'Su-25T',NULL,'Cannon','CANNON',NULL,NULL,NULL,NULL,NULL,'\0',NULL,NULL,NULL,NULL),(223,4,17,13,'173aaebb8ffc9a029ead1492cf79f894','SHOOTING_END','KI Test Account',1,1587,44787,'Su-25T',NULL,'Cannon','CANNON',NULL,NULL,NULL,NULL,NULL,'\0',NULL,NULL,NULL,NULL),(224,4,17,13,'173aaebb8ffc9a029ead1492cf79f894','SHOOTING_START','KI Test Account',1,1587,44787,'Su-25T',NULL,'Cannon','CANNON',NULL,NULL,NULL,NULL,NULL,'\0',NULL,NULL,NULL,NULL),(225,4,17,13,'173aaebb8ffc9a029ead1492cf79f894','SHOOTING_END','KI Test Account',1,1587,44787,'Su-25T',NULL,'Cannon','CANNON',NULL,NULL,NULL,NULL,NULL,'\0',NULL,NULL,NULL,NULL),(226,4,17,13,'173aaebb8ffc9a029ead1492cf79f894','SHOOTING_START','KI Test Account',1,1588,44788,'Su-25T',NULL,'Cannon','CANNON',NULL,NULL,NULL,NULL,NULL,'\0',NULL,NULL,NULL,NULL),(227,4,17,13,'173aaebb8ffc9a029ead1492cf79f894','SHOOTING_END','KI Test Account',1,1588,44788,'Su-25T',NULL,'Cannon','CANNON',NULL,NULL,NULL,NULL,NULL,'\0',NULL,NULL,NULL,NULL),(228,4,17,13,'173aaebb8ffc9a029ead1492cf79f894','SHOOTING_START','KI Test Account',1,1589,44789,'Su-25T',NULL,'Cannon','CANNON',NULL,NULL,NULL,NULL,NULL,'\0',NULL,NULL,NULL,NULL),(229,4,17,13,'173aaebb8ffc9a029ead1492cf79f894','SHOOTING_END','KI Test Account',1,1589,44789,'Su-25T',NULL,'Cannon','CANNON',NULL,NULL,NULL,NULL,NULL,'\0',NULL,NULL,NULL,NULL),(230,4,17,13,'173aaebb8ffc9a029ead1492cf79f894','SHOOTING_START','KI Test Account',1,1590,44790,'Su-25T',NULL,'Cannon','CANNON',NULL,NULL,NULL,NULL,NULL,'\0',NULL,NULL,NULL,NULL),(231,4,17,13,'173aaebb8ffc9a029ead1492cf79f894','SHOOTING_END','KI Test Account',1,1590,44790,'Su-25T',NULL,'Cannon','CANNON',NULL,NULL,NULL,NULL,NULL,'\0',NULL,NULL,NULL,NULL),(232,4,17,13,'173aaebb8ffc9a029ead1492cf79f894','SHOOTING_START','KI Test Account',1,1590,44790,'Su-25T',NULL,'Cannon','CANNON',NULL,NULL,NULL,NULL,NULL,'\0',NULL,NULL,NULL,NULL),(233,4,17,13,'173aaebb8ffc9a029ead1492cf79f894','SHOOTING_END','KI Test Account',1,1591,44791,'Su-25T',NULL,'Cannon','CANNON',NULL,NULL,NULL,NULL,NULL,'\0',NULL,NULL,NULL,NULL),(234,4,17,13,'173aaebb8ffc9a029ead1492cf79f894','SHOOTING_START','KI Test Account',1,1591,44791,'Su-25T',NULL,'Cannon','CANNON',NULL,NULL,NULL,NULL,NULL,'\0',NULL,NULL,NULL,NULL),(235,4,17,13,'173aaebb8ffc9a029ead1492cf79f894','SHOOTING_END','KI Test Account',1,1591,44791,'Su-25T',NULL,'Cannon','CANNON',NULL,NULL,NULL,NULL,NULL,'\0',NULL,NULL,NULL,NULL),(236,4,17,13,'173aaebb8ffc9a029ead1492cf79f894','SHOOTING_START','KI Test Account',1,1591,44791,'Su-25T',NULL,'Cannon','CANNON',NULL,NULL,NULL,NULL,NULL,'\0',NULL,NULL,NULL,NULL),(237,4,17,13,'173aaebb8ffc9a029ead1492cf79f894','SHOOTING_END','KI Test Account',1,1592,44792,'Su-25T',NULL,'Cannon','CANNON',NULL,NULL,NULL,NULL,NULL,'\0',NULL,NULL,NULL,NULL),(238,4,17,13,'173aaebb8ffc9a029ead1492cf79f894','SHOOTING_START','KI Test Account',1,1592,44792,'Su-25T',NULL,'Cannon','CANNON',NULL,NULL,NULL,NULL,NULL,'\0',NULL,NULL,NULL,NULL),(239,4,17,13,'173aaebb8ffc9a029ead1492cf79f894','SHOOTING_END','KI Test Account',1,1593,44793,'Su-25T',NULL,'Cannon','CANNON',NULL,NULL,NULL,NULL,NULL,'\0',NULL,NULL,NULL,NULL),(240,4,17,13,'173aaebb8ffc9a029ead1492cf79f894','SHOOTING_START','KI Test Account',1,1595,44795,'Su-25T',NULL,'Cannon','CANNON',NULL,NULL,NULL,NULL,NULL,'\0',NULL,NULL,NULL,NULL),(241,4,17,13,'173aaebb8ffc9a029ead1492cf79f894','SHOOTING_END','KI Test Account',1,1596,44796,'Su-25T',NULL,'Cannon','CANNON',NULL,NULL,NULL,NULL,NULL,'\0',NULL,NULL,NULL,NULL),(242,4,17,13,'173aaebb8ffc9a029ead1492cf79f894','PILOT_DEAD','KI Test Account',1,1646,44846,'Su-25T',NULL,NULL,NULL,NULL,NULL,NULL,NULL,NULL,'\0',NULL,NULL,NULL,NULL),(243,4,17,13,'173aaebb8ffc9a029ead1492cf79f894','CRASH','KI Test Account',1,1646,44846,'Su-25T',NULL,NULL,NULL,NULL,NULL,NULL,NULL,NULL,'\0',NULL,NULL,NULL,NULL),(244,4,17,13,'173aaebb8ffc9a029ead1492cf79f894','PILOT_DEAD','KI Test Account',1,1722,44922,'Su-25T',NULL,NULL,NULL,NULL,NULL,NULL,NULL,NULL,'\0',NULL,NULL,NULL,NULL),(245,4,17,13,'173aaebb8ffc9a029ead1492cf79f894','CRASH','KI Test Account',1,1722,44922,'Su-25T',NULL,NULL,NULL,NULL,NULL,NULL,NULL,NULL,'\0',NULL,NULL,NULL,NULL),(246,4,17,13,'173aaebb8ffc9a029ead1492cf79f894','PLAYER_LEAVE_UNIT','KI Test Account',1,1900,45100,'Su-25T',NULL,NULL,NULL,NULL,NULL,NULL,NULL,NULL,'\0',NULL,NULL,NULL,NULL),(247,4,17,13,'173aaebb8ffc9a029ead1492cf79f894','PLAYER_LEAVE_UNIT','KI Test Account',1,1985,45185,'Su-25T',NULL,NULL,NULL,NULL,NULL,NULL,NULL,NULL,'\0',NULL,NULL,NULL,NULL),(248,4,17,14,'173aaebb8ffc9a029ead1492cf79f894','TAKEOFF','KI Test Account',1,2101,45301,'Su-25T','Nalchik',NULL,NULL,NULL,NULL,NULL,NULL,NULL,'\0',NULL,NULL,NULL,NULL),(249,4,17,14,'173aaebb8ffc9a029ead1492cf79f894','PILOT_DEAD','KI Test Account',1,2123,45323,'Su-25T',NULL,NULL,NULL,NULL,NULL,NULL,NULL,NULL,'\0',NULL,NULL,NULL,NULL),(250,4,17,14,'173aaebb8ffc9a029ead1492cf79f894','CRASH','KI Test Account',1,2123,45323,'Su-25T',NULL,NULL,NULL,NULL,NULL,NULL,NULL,NULL,'\0',NULL,NULL,NULL,NULL),(251,4,17,14,'173aaebb8ffc9a029ead1492cf79f894','PLAYER_LEAVE_UNIT','KI Test Account',1,2149,45349,'Su-25T',NULL,NULL,NULL,NULL,NULL,NULL,NULL,NULL,'\0',NULL,NULL,NULL,NULL),(252,4,18,15,'a68afce32e6b1f57a6c8d10da24f1516','TAKEOFF','TAW-IgZ-IggyZ',1,84,43284,'Ka-50','Beslan',NULL,NULL,NULL,NULL,NULL,NULL,NULL,'\0',NULL,NULL,NULL,NULL),(253,4,18,15,'a68afce32e6b1f57a6c8d10da24f1516','PILOT_DEAD','TAW-IgZ-IggyZ',1,86,43286,'Ka-50',NULL,NULL,NULL,NULL,NULL,NULL,NULL,NULL,'\0',NULL,NULL,NULL,NULL),(254,4,36,1,'a68afce32e6b1f57a6c8d10da24f1516','TAKEOFF','TAW-IgZ-IggyZ',1,68,43268,'Ka-50','Beslan',NULL,NULL,NULL,NULL,NULL,NULL,NULL,'\0',NULL,NULL,NULL,NULL),(255,4,36,1,'a68afce32e6b1f57a6c8d10da24f1516','SHOT','TAW-IgZ-IggyZ',1,312,43512,'Ka-50',NULL,'Vikhr M','ROCKET',NULL,NULL,NULL,NULL,NULL,'\0',NULL,NULL,NULL,NULL),(256,4,36,1,'a68afce32e6b1f57a6c8d10da24f1516','HIT','TAW-IgZ-IggyZ',1,322,43522,'Ka-50',NULL,'Vikhr M','ROCKET','Unit #062','T-55','TANK','HELICOPTER',2,'\0',NULL,NULL,NULL,NULL),(257,4,36,NULL,NULL,'DEAD','AI',2,331,43531,'T-55',NULL,NULL,NULL,'Unit #062','T-55','TANK','HELICOPTER',2,'\0',NULL,NULL,NULL,NULL),(258,4,36,1,'a68afce32e6b1f57a6c8d10da24f1516','SHOT','TAW-IgZ-IggyZ',1,354,43554,'Ka-50',NULL,'Vikhr M','ROCKET',NULL,NULL,NULL,NULL,NULL,'\0',NULL,NULL,NULL,NULL),(259,4,36,1,'a68afce32e6b1f57a6c8d10da24f1516','HIT','TAW-IgZ-IggyZ',1,363,43563,'Ka-50',NULL,'Vikhr M','ROCKET','Unit #063','BTR-80','APC','HELICOPTER',2,'\0',NULL,NULL,NULL,NULL),(260,4,36,NULL,NULL,'DEAD','AI',2,363,43563,'BTR-80',NULL,NULL,NULL,'Unit #063','BTR-80','APC','HELICOPTER',2,'\0',NULL,NULL,NULL,NULL),(261,4,36,1,'a68afce32e6b1f57a6c8d10da24f1516','HIT','TAW-IgZ-IggyZ',1,363,43563,'Ka-50',NULL,'Vikhr M','ROCKET','Unit #064','Infantry AK Ins','INFANTRY','HELICOPTER',2,'\0',NULL,NULL,NULL,NULL),(262,4,36,1,'a68afce32e6b1f57a6c8d10da24f1516','SHOOTING_START','TAW-IgZ-IggyZ',1,440,43640,'Ka-50',NULL,'Cannon','CANNON',NULL,NULL,NULL,NULL,NULL,'\0',NULL,NULL,NULL,NULL),(263,4,36,1,'a68afce32e6b1f57a6c8d10da24f1516','SHOOTING_END','TAW-IgZ-IggyZ',1,441,43641,'Ka-50',NULL,'Cannon','CANNON',NULL,NULL,NULL,NULL,NULL,'\0',NULL,NULL,NULL,NULL),(264,4,36,1,'a68afce32e6b1f57a6c8d10da24f1516','HIT','TAW-IgZ-IggyZ',1,448,43648,'Ka-50',NULL,'30mm HE','ROCKET','Unit #064','Infantry AK Ins','INFANTRY','HELICOPTER',2,'\0',NULL,NULL,NULL,NULL),(265,4,36,1,'a68afce32e6b1f57a6c8d10da24f1516','HIT','TAW-IgZ-IggyZ',1,448,43648,'Ka-50',NULL,'30mm HE','ROCKET','Unit #065','Soldier RPG','INFANTRY','HELICOPTER',2,'\0',NULL,NULL,NULL,NULL),(266,4,36,1,'a68afce32e6b1f57a6c8d10da24f1516','SHOOTING_START','TAW-IgZ-IggyZ',1,448,43648,'Ka-50',NULL,'Cannon','CANNON',NULL,NULL,NULL,NULL,NULL,'\0',NULL,NULL,NULL,NULL),(267,4,36,1,'a68afce32e6b1f57a6c8d10da24f1516','SHOOTING_END','TAW-IgZ-IggyZ',1,449,43649,'Ka-50',NULL,'Cannon','CANNON',NULL,NULL,NULL,NULL,NULL,'\0',NULL,NULL,NULL,NULL),(268,4,36,1,'a68afce32e6b1f57a6c8d10da24f1516','SHOOTING_START','TAW-IgZ-IggyZ',1,449,43649,'Ka-50',NULL,'Cannon','CANNON',NULL,NULL,NULL,NULL,NULL,'\0',NULL,NULL,NULL,NULL),(269,4,36,1,'a68afce32e6b1f57a6c8d10da24f1516','SHOOTING_END','TAW-IgZ-IggyZ',1,450,43650,'Ka-50',NULL,'Cannon','CANNON',NULL,NULL,NULL,NULL,NULL,'\0',NULL,NULL,NULL,NULL),(270,4,36,NULL,NULL,'DEAD','AI',2,451,43651,'Infantry AK Ins',NULL,NULL,NULL,'Unit #064','Infantry AK Ins','INFANTRY','HELICOPTER',2,'\0',NULL,NULL,NULL,NULL),(271,4,36,1,'a68afce32e6b1f57a6c8d10da24f1516','SHOOTING_START','TAW-IgZ-IggyZ',1,451,43651,'Ka-50',NULL,'Cannon','CANNON',NULL,NULL,NULL,NULL,NULL,'\0',NULL,NULL,NULL,NULL),(272,4,36,1,'a68afce32e6b1f57a6c8d10da24f1516','SHOOTING_END','TAW-IgZ-IggyZ',1,452,43652,'Ka-50',NULL,'Cannon','CANNON',NULL,NULL,NULL,NULL,NULL,'\0',NULL,NULL,NULL,NULL),(273,4,36,1,'a68afce32e6b1f57a6c8d10da24f1516','SHOOTING_START','TAW-IgZ-IggyZ',1,453,43653,'Ka-50',NULL,'Cannon','CANNON',NULL,NULL,NULL,NULL,NULL,'\0',NULL,NULL,NULL,NULL),(274,4,36,1,'a68afce32e6b1f57a6c8d10da24f1516','SHOOTING_END','TAW-IgZ-IggyZ',1,454,43654,'Ka-50',NULL,'Cannon','CANNON',NULL,NULL,NULL,NULL,NULL,'\0',NULL,NULL,NULL,NULL),(275,4,36,1,'a68afce32e6b1f57a6c8d10da24f1516','SHOOTING_START','TAW-IgZ-IggyZ',1,455,43655,'Ka-50',NULL,'Cannon','CANNON',NULL,NULL,NULL,NULL,NULL,'\0',NULL,NULL,NULL,NULL),(276,4,36,1,'a68afce32e6b1f57a6c8d10da24f1516','SHOOTING_END','TAW-IgZ-IggyZ',1,456,43656,'Ka-50',NULL,'Cannon','CANNON',NULL,NULL,NULL,NULL,NULL,'\0',NULL,NULL,NULL,NULL),(277,4,36,1,'a68afce32e6b1f57a6c8d10da24f1516','SHOOTING_START','TAW-IgZ-IggyZ',1,456,43656,'Ka-50',NULL,'Cannon','CANNON',NULL,NULL,NULL,NULL,NULL,'\0',NULL,NULL,NULL,NULL),(278,4,36,1,'a68afce32e6b1f57a6c8d10da24f1516','SHOOTING_END','TAW-IgZ-IggyZ',1,457,43657,'Ka-50',NULL,'Cannon','CANNON',NULL,NULL,NULL,NULL,NULL,'\0',NULL,NULL,NULL,NULL),(279,4,36,1,'a68afce32e6b1f57a6c8d10da24f1516','SHOOTING_START','TAW-IgZ-IggyZ',1,458,43658,'Ka-50',NULL,'Cannon','CANNON',NULL,NULL,NULL,NULL,NULL,'\0',NULL,NULL,NULL,NULL),(280,4,36,1,'a68afce32e6b1f57a6c8d10da24f1516','HIT','TAW-IgZ-IggyZ',1,458,43658,'Ka-50',NULL,'30mm HE','ROCKET','Unit #065','Soldier RPG','INFANTRY','HELICOPTER',2,'\0',NULL,NULL,NULL,NULL),(281,4,36,1,'a68afce32e6b1f57a6c8d10da24f1516','SHOOTING_END','TAW-IgZ-IggyZ',1,459,43659,'Ka-50',NULL,'Cannon','CANNON',NULL,NULL,NULL,NULL,NULL,'\0',NULL,NULL,NULL,NULL),(282,4,36,1,'a68afce32e6b1f57a6c8d10da24f1516','SHOT','TAW-IgZ-IggyZ',1,481,43681,'Ka-50',NULL,'Vikhr M','ROCKET',NULL,NULL,NULL,NULL,NULL,'\0',NULL,NULL,NULL,NULL),(283,4,36,NULL,NULL,'DEAD','AI',2,484,43684,'Soldier RPG',NULL,NULL,NULL,'Unit #065','Soldier RPG','INFANTRY','HELICOPTER',2,'\0',NULL,NULL,NULL,NULL),(284,4,36,1,'a68afce32e6b1f57a6c8d10da24f1516','SHOT','TAW-IgZ-IggyZ',1,505,43705,'Ka-50',NULL,'Vikhr M','ROCKET',NULL,NULL,NULL,NULL,NULL,'\0',NULL,NULL,NULL,NULL),(285,4,36,1,'a68afce32e6b1f57a6c8d10da24f1516','HIT','TAW-IgZ-IggyZ',1,511,43711,'Ka-50',NULL,'Vikhr M','ROCKET','Unit #066','2B11 mortar','ARTILLERY','HELICOPTER',2,'\0',NULL,NULL,NULL,NULL),(286,4,36,NULL,NULL,'DEAD','AI',2,511,43711,'2B11 mortar',NULL,NULL,NULL,'Unit #066','2B11 mortar','ARTILLERY','HELICOPTER',2,'\0',NULL,NULL,NULL,NULL),(287,4,36,1,'a68afce32e6b1f57a6c8d10da24f1516','LAND','TAW-IgZ-IggyZ',1,967,44167,'Ka-50','Otkrytka',NULL,NULL,NULL,NULL,NULL,NULL,NULL,'\0',NULL,NULL,NULL,NULL),(288,4,36,NULL,NULL,'CRASH','AI',1,1051,1051,'Infantry AK',NULL,NULL,NULL,'SLC Infantry 2#001-01','Infantry AK','INFANTRY','HELICOPTER',1,'\0',NULL,NULL,NULL,NULL),(289,4,36,NULL,NULL,'CRASH','AI',1,1051,1051,'Infantry AK',NULL,NULL,NULL,'SLC Infantry 2#001-02','Infantry AK','INFANTRY','HELICOPTER',1,'\0',NULL,NULL,NULL,NULL),(290,4,36,NULL,NULL,'CRASH','AI',1,1051,1051,'Infantry AK',NULL,NULL,NULL,'SLC Infantry 2#001-03','Infantry AK','INFANTRY','HELICOPTER',1,'\0',NULL,NULL,NULL,NULL),(291,4,36,NULL,NULL,'CRASH','AI',1,1051,1051,'Infantry AK',NULL,NULL,NULL,'SLC Infantry 2#001-04','Infantry AK','INFANTRY','HELICOPTER',1,'\0',NULL,NULL,NULL,NULL),(292,4,36,NULL,NULL,'CRASH','AI',1,1051,1051,'Infantry AK',NULL,NULL,NULL,'SLC Infantry 2#001-05','Infantry AK','INFANTRY','HELICOPTER',1,'\0',NULL,NULL,NULL,NULL),(293,4,36,NULL,NULL,'CRASH','AI',1,1051,1051,'Infantry AK',NULL,NULL,NULL,'SLC Infantry 2#001-06','Infantry AK','INFANTRY','HELICOPTER',1,'\0',NULL,NULL,NULL,NULL),(294,4,36,NULL,NULL,'CRASH','AI',1,1051,1051,'Paratrooper RPG-16',NULL,NULL,NULL,'SLC Infantry 2#001-07','Paratrooper RPG-16','INFANTRY','HELICOPTER',1,'\0',NULL,NULL,NULL,NULL),(295,4,36,NULL,NULL,'CRASH','AI',1,1051,1051,'Paratrooper RPG-16',NULL,NULL,NULL,'SLC Infantry 2#001-08','Paratrooper RPG-16','INFANTRY','HELICOPTER',1,'\0',NULL,NULL,NULL,NULL),(296,4,36,NULL,NULL,'CRASH','AI',1,1051,1051,'Infantry AK',NULL,NULL,NULL,'SLC Infantry 2#001-09','Infantry AK','INFANTRY','HELICOPTER',1,'\0',NULL,NULL,NULL,NULL),(297,4,36,NULL,NULL,'CRASH','AI',1,1051,1051,'Infantry AK',NULL,NULL,NULL,'SLC Infantry 2#001-10','Infantry AK','INFANTRY','HELICOPTER',1,'\0',NULL,NULL,NULL,NULL),(298,4,36,2,'a68afce32e6b1f57a6c8d10da24f1516','TAKEOFF','TAW-IgZ-IggyZ',1,1160,44360,'Mi-8MT','Beslan',NULL,NULL,NULL,NULL,NULL,NULL,NULL,'\0',NULL,NULL,NULL,NULL),(299,4,36,2,'a68afce32e6b1f57a6c8d10da24f1516','PILOT_DEAD','TAW-IgZ-IggyZ',1,1221,44421,'Mi-8MT',NULL,NULL,NULL,NULL,NULL,NULL,NULL,NULL,'\0',NULL,NULL,NULL,NULL),(300,4,36,2,'a68afce32e6b1f57a6c8d10da24f1516','PILOT_DEAD','TAW-IgZ-IggyZ',1,1242,44442,'Mi-8MT',NULL,NULL,NULL,NULL,NULL,NULL,NULL,NULL,'\0',NULL,NULL,NULL,NULL),(301,4,36,3,'a68afce32e6b1f57a6c8d10da24f1516','TAKEOFF','TAW-IgZ-IggyZ',1,1259,44459,'Ka-50','Beslan',NULL,NULL,NULL,NULL,NULL,NULL,NULL,'\0',NULL,NULL,NULL,NULL),(302,4,36,3,'a68afce32e6b1f57a6c8d10da24f1516','PILOT_DEAD','TAW-IgZ-IggyZ',1,1308,44508,'Ka-50',NULL,NULL,NULL,NULL,NULL,NULL,NULL,NULL,'\0',NULL,NULL,NULL,NULL),(303,4,37,1,'a68afce32e6b1f57a6c8d10da24f1516','TAKEOFF','TAW-IgZ-IggyZ',1,38,43238,'Ka-50','Beslan',NULL,NULL,NULL,NULL,NULL,NULL,NULL,'\0',NULL,NULL,NULL,NULL),(304,4,37,1,'a68afce32e6b1f57a6c8d10da24f1516','LAND','TAW-IgZ-IggyZ',1,88,43288,'Ka-50',NULL,NULL,NULL,NULL,NULL,NULL,NULL,NULL,'\0',NULL,NULL,NULL,NULL),(305,4,39,1,'a68afce32e6b1f57a6c8d10da24f1516','TAKEOFF','TAW-IgZ-IggyZ',1,56,43256,'Ka-50','Beslan',NULL,NULL,NULL,NULL,NULL,NULL,NULL,'\0',NULL,NULL,NULL,NULL),(306,4,39,1,'a68afce32e6b1f57a6c8d10da24f1516','LAND','TAW-IgZ-IggyZ',1,86,43286,'Ka-50',NULL,NULL,NULL,NULL,NULL,NULL,NULL,NULL,'\0',NULL,NULL,NULL,NULL),(307,4,39,1,'a68afce32e6b1f57a6c8d10da24f1516','TAKEOFF','TAW-IgZ-IggyZ',1,35,43235,'Ka-50','Beslan',NULL,NULL,NULL,NULL,NULL,NULL,NULL,'\0',NULL,NULL,NULL,NULL),(308,4,39,1,'a68afce32e6b1f57a6c8d10da24f1516','LAND','TAW-IgZ-IggyZ',1,76,43276,'Ka-50',NULL,NULL,NULL,NULL,NULL,NULL,NULL,NULL,'\0',NULL,NULL,NULL,NULL),(309,4,39,NULL,NULL,'CRASH','AI',1,151,151,'Infantry AK',NULL,NULL,NULL,'SLC ATInfantry 1#001-01','Infantry AK','INFANTRY','HELICOPTER',1,'\0',NULL,NULL,NULL,NULL),(310,4,39,NULL,NULL,'CRASH','AI',1,151,151,'Paratrooper RPG-16',NULL,NULL,NULL,'SLC ATInfantry 1#001-02','Paratrooper RPG-16','INFANTRY','HELICOPTER',1,'\0',NULL,NULL,NULL,NULL),(311,4,39,NULL,NULL,'CRASH','AI',1,151,151,'Infantry AK',NULL,NULL,NULL,'SLC ATInfantry 1#001-03','Infantry AK','INFANTRY','HELICOPTER',1,'\0',NULL,NULL,NULL,NULL),(312,4,39,NULL,NULL,'CRASH','AI',1,151,151,'Paratrooper RPG-16',NULL,NULL,NULL,'SLC ATInfantry 1#001-04','Paratrooper RPG-16','INFANTRY','HELICOPTER',1,'\0',NULL,NULL,NULL,NULL),(313,4,39,NULL,NULL,'CRASH','AI',1,151,151,'Paratrooper RPG-16',NULL,NULL,NULL,'SLC ATInfantry 1#001-05','Paratrooper RPG-16','INFANTRY','HELICOPTER',1,'\0',NULL,NULL,NULL,NULL),(314,4,39,NULL,NULL,'CRASH','AI',1,151,151,'Paratrooper RPG-16',NULL,NULL,NULL,'SLC ATInfantry 1#001-06','Paratrooper RPG-16','INFANTRY','HELICOPTER',1,'\0',NULL,NULL,NULL,NULL),(315,4,39,2,'a68afce32e6b1f57a6c8d10da24f1516','TAKEOFF','TAW-IgZ-IggyZ',1,172,43372,'Ka-50','Beslan',NULL,NULL,NULL,NULL,NULL,NULL,NULL,'\0',NULL,NULL,NULL,NULL),(316,4,39,2,'a68afce32e6b1f57a6c8d10da24f1516','PILOT_DEAD','TAW-IgZ-IggyZ',1,183,43383,'Ka-50',NULL,NULL,NULL,NULL,NULL,NULL,NULL,NULL,'\0',NULL,NULL,NULL,NULL),(317,4,39,2,'a68afce32e6b1f57a6c8d10da24f1516','CRASH','TAW-IgZ-IggyZ',1,183,43383,'Ka-50',NULL,NULL,NULL,NULL,NULL,NULL,NULL,NULL,'\0',NULL,NULL,NULL,NULL),(318,4,39,3,'a68afce32e6b1f57a6c8d10da24f1516','TAKEOFF','TAW-IgZ-IggyZ',1,213,43413,'Ka-50','Beslan',NULL,NULL,NULL,NULL,NULL,NULL,NULL,'\0',NULL,NULL,NULL,NULL),(319,4,39,3,'a68afce32e6b1f57a6c8d10da24f1516','PILOT_DEAD','TAW-IgZ-IggyZ',1,219,43419,'Ka-50',NULL,NULL,NULL,NULL,NULL,NULL,NULL,NULL,'\0',NULL,NULL,NULL,NULL),(320,4,39,3,'a68afce32e6b1f57a6c8d10da24f1516','PLAYER_LEAVE_UNIT','TAW-IgZ-IggyZ',1,219,43419,'Ka-50',NULL,NULL,NULL,NULL,NULL,NULL,NULL,NULL,'\0',NULL,NULL,NULL,NULL),(321,4,39,3,'a68afce32e6b1f57a6c8d10da24f1516','DEAD','TAW-IgZ-IggyZ',1,219,43419,'Ka-50',NULL,NULL,NULL,NULL,NULL,NULL,NULL,NULL,'\0',NULL,NULL,NULL,NULL),(322,4,39,1,'a68afce32e6b1f57a6c8d10da24f1516','TAKEOFF','TAW-IgZ-IggyZ',1,41,43241,'Ka-50','Beslan',NULL,NULL,NULL,NULL,NULL,NULL,NULL,'\0',NULL,NULL,NULL,NULL),(323,4,39,1,'a68afce32e6b1f57a6c8d10da24f1516','LAND','TAW-IgZ-IggyZ',1,97,43297,'Ka-50',NULL,NULL,NULL,NULL,NULL,NULL,NULL,NULL,'\0',NULL,NULL,NULL,NULL),(324,4,39,NULL,NULL,'CRASH','AI',1,119,119,'Infantry AK',NULL,NULL,NULL,'SLC Infantry 1#001-01','Infantry AK','INFANTRY','HELICOPTER',1,'\0',NULL,NULL,NULL,NULL),(325,4,39,NULL,NULL,'CRASH','AI',1,119,119,'Infantry AK',NULL,NULL,NULL,'SLC Infantry 1#001-02','Infantry AK','INFANTRY','HELICOPTER',1,'\0',NULL,NULL,NULL,NULL),(326,4,39,NULL,NULL,'CRASH','AI',1,119,119,'Infantry AK',NULL,NULL,NULL,'SLC Infantry 1#001-03','Infantry AK','INFANTRY','HELICOPTER',1,'\0',NULL,NULL,NULL,NULL),(327,4,39,NULL,NULL,'CRASH','AI',1,119,119,'Infantry AK',NULL,NULL,NULL,'SLC Infantry 1#001-04','Infantry AK','INFANTRY','HELICOPTER',1,'\0',NULL,NULL,NULL,NULL),(328,4,39,NULL,NULL,'CRASH','AI',1,119,119,'Infantry AK',NULL,NULL,NULL,'SLC Infantry 1#001-05','Infantry AK','INFANTRY','HELICOPTER',1,'\0',NULL,NULL,NULL,NULL),(329,4,39,NULL,NULL,'CRASH','AI',1,119,119,'Infantry AK',NULL,NULL,NULL,'SLC Infantry 1#001-06','Infantry AK','INFANTRY','HELICOPTER',1,'\0',NULL,NULL,NULL,NULL),(330,4,39,NULL,NULL,'CRASH','AI',1,119,119,'Paratrooper RPG-16',NULL,NULL,NULL,'SLC Infantry 1#001-07','Paratrooper RPG-16','INFANTRY','HELICOPTER',1,'\0',NULL,NULL,NULL,NULL),(331,4,39,NULL,NULL,'CRASH','AI',1,119,119,'Paratrooper RPG-16',NULL,NULL,NULL,'SLC Infantry 1#001-08','Paratrooper RPG-16','INFANTRY','HELICOPTER',1,'\0',NULL,NULL,NULL,NULL),(332,4,39,NULL,NULL,'CRASH','AI',1,119,119,'Infantry AK',NULL,NULL,NULL,'SLC Infantry 1#001-09','Infantry AK','INFANTRY','HELICOPTER',1,'\0',NULL,NULL,NULL,NULL),(333,4,39,NULL,NULL,'CRASH','AI',1,119,119,'Infantry AK',NULL,NULL,NULL,'SLC Infantry 1#001-10','Infantry AK','INFANTRY','HELICOPTER',1,'\0',NULL,NULL,NULL,NULL),(334,4,40,2,'a68afce32e6b1f57a6c8d10da24f1516','TAKEOFF','TAW-IgZ-IggyZ',1,31,43231,'Ka-50','Beslan',NULL,NULL,NULL,NULL,NULL,NULL,NULL,'\0',NULL,NULL,NULL,NULL),(335,4,40,2,'a68afce32e6b1f57a6c8d10da24f1516','LAND','TAW-IgZ-IggyZ',1,61,43261,'Ka-50',NULL,NULL,NULL,NULL,NULL,NULL,NULL,NULL,'\0',NULL,NULL,NULL,NULL),(336,4,40,NULL,NULL,'CRASH','AI',1,68,68,'Infantry AK',NULL,NULL,NULL,'SLC Infantry 2#001-01','Infantry AK','INFANTRY','HELICOPTER',1,'\0',NULL,NULL,NULL,NULL),(337,4,40,NULL,NULL,'CRASH','AI',1,68,68,'Infantry AK',NULL,NULL,NULL,'SLC Infantry 2#001-02','Infantry AK','INFANTRY','HELICOPTER',1,'\0',NULL,NULL,NULL,NULL),(338,4,40,NULL,NULL,'CRASH','AI',1,68,68,'Infantry AK',NULL,NULL,NULL,'SLC Infantry 2#001-03','Infantry AK','INFANTRY','HELICOPTER',1,'\0',NULL,NULL,NULL,NULL),(339,4,40,NULL,NULL,'CRASH','AI',1,68,68,'Infantry AK',NULL,NULL,NULL,'SLC Infantry 2#001-04','Infantry AK','INFANTRY','HELICOPTER',1,'\0',NULL,NULL,NULL,NULL),(340,4,40,NULL,NULL,'CRASH','AI',1,68,68,'Infantry AK',NULL,NULL,NULL,'SLC Infantry 2#001-05','Infantry AK','INFANTRY','HELICOPTER',1,'\0',NULL,NULL,NULL,NULL),(341,4,40,NULL,NULL,'CRASH','AI',1,68,68,'Infantry AK',NULL,NULL,NULL,'SLC Infantry 2#001-06','Infantry AK','INFANTRY','HELICOPTER',1,'\0',NULL,NULL,NULL,NULL),(342,4,40,NULL,NULL,'CRASH','AI',1,68,68,'Paratrooper RPG-16',NULL,NULL,NULL,'SLC Infantry 2#001-07','Paratrooper RPG-16','INFANTRY','HELICOPTER',1,'\0',NULL,NULL,NULL,NULL),(343,4,40,NULL,NULL,'CRASH','AI',1,68,68,'Paratrooper RPG-16',NULL,NULL,NULL,'SLC Infantry 2#001-08','Paratrooper RPG-16','INFANTRY','HELICOPTER',1,'\0',NULL,NULL,NULL,NULL),(344,4,40,NULL,NULL,'CRASH','AI',1,68,68,'Infantry AK',NULL,NULL,NULL,'SLC Infantry 2#001-09','Infantry AK','INFANTRY','HELICOPTER',1,'\0',NULL,NULL,NULL,NULL),(345,4,40,NULL,NULL,'CRASH','AI',1,68,68,'Infantry AK',NULL,NULL,NULL,'SLC Infantry 2#001-10','Infantry AK','INFANTRY','HELICOPTER',1,'\0',NULL,NULL,NULL,NULL),(346,4,40,2,'a68afce32e6b1f57a6c8d10da24f1516','TRANSPORT_MOUNT','TAW-IgZ-IggyZ',1,68,43268,'Ka-50','Beslan City',NULL,NULL,NULL,NULL,NULL,NULL,NULL,'\0',NULL,NULL,NULL,NULL),(347,4,40,2,'a68afce32e6b1f57a6c8d10da24f1516','TRANSPORT_DISMOUNT','TAW-IgZ-IggyZ',1,402,43602,'Ka-50','Beslan City',NULL,NULL,NULL,NULL,NULL,NULL,NULL,'\0',NULL,NULL,NULL,NULL),(348,4,41,3,'a68afce32e6b1f57a6c8d10da24f1516','TAKEOFF','TAW-IgZ-IggyZ',1,37,43237,'Ka-50','Beslan',NULL,NULL,NULL,NULL,NULL,NULL,NULL,'\0',NULL,NULL,NULL,NULL),(349,4,41,3,'a68afce32e6b1f57a6c8d10da24f1516','LAND','TAW-IgZ-IggyZ',1,81,43281,'Ka-50',NULL,NULL,NULL,NULL,NULL,NULL,NULL,NULL,'\0',NULL,NULL,NULL,NULL),(350,4,41,NULL,NULL,'CRASH','AI',1,95,95,'Infantry AK',NULL,NULL,NULL,'SLC ATInfantry 1#001-01','Infantry AK','INFANTRY','HELICOPTER',1,'\0',NULL,NULL,NULL,NULL),(351,4,41,NULL,NULL,'CRASH','AI',1,95,95,'Paratrooper RPG-16',NULL,NULL,NULL,'SLC ATInfantry 1#001-02','Paratrooper RPG-16','INFANTRY','HELICOPTER',1,'\0',NULL,NULL,NULL,NULL),(352,4,41,NULL,NULL,'CRASH','AI',1,95,95,'Infantry AK',NULL,NULL,NULL,'SLC ATInfantry 1#001-03','Infantry AK','INFANTRY','HELICOPTER',1,'\0',NULL,NULL,NULL,NULL),(353,4,41,NULL,NULL,'CRASH','AI',1,95,95,'Paratrooper RPG-16',NULL,NULL,NULL,'SLC ATInfantry 1#001-04','Paratrooper RPG-16','INFANTRY','HELICOPTER',1,'\0',NULL,NULL,NULL,NULL),(354,4,41,NULL,NULL,'CRASH','AI',1,95,95,'Paratrooper RPG-16',NULL,NULL,NULL,'SLC ATInfantry 1#001-05','Paratrooper RPG-16','INFANTRY','HELICOPTER',1,'\0',NULL,NULL,NULL,NULL),(355,4,41,NULL,NULL,'CRASH','AI',1,95,95,'Paratrooper RPG-16',NULL,NULL,NULL,'SLC ATInfantry 1#001-06','Paratrooper RPG-16','INFANTRY','HELICOPTER',1,'\0',NULL,NULL,NULL,NULL),(356,4,41,3,'a68afce32e6b1f57a6c8d10da24f1516','TRANSPORT_MOUNT','TAW-IgZ-IggyZ',1,95,43295,'Ka-50','Beslan City',NULL,NULL,NULL,NULL,NULL,NULL,NULL,'\0',NULL,NULL,NULL,NULL),(357,4,41,3,'a68afce32e6b1f57a6c8d10da24f1516','TRANSPORT_DISMOUNT','TAW-IgZ-IggyZ',1,100,43300,'Ka-50','Beslan City',NULL,NULL,NULL,NULL,NULL,NULL,NULL,'\0',NULL,NULL,6,NULL),(358,4,41,3,'a68afce32e6b1f57a6c8d10da24f1516','SHOOTING_START','TAW-IgZ-IggyZ',1,324,43524,'Ka-50',NULL,'Cannon','CANNON',NULL,NULL,NULL,NULL,NULL,'\0',NULL,NULL,NULL,NULL),(359,4,41,3,'a68afce32e6b1f57a6c8d10da24f1516','SHOOTING_END','TAW-IgZ-IggyZ',1,325,43525,'Ka-50',NULL,'Cannon','CANNON',NULL,NULL,NULL,NULL,NULL,'\0',NULL,NULL,NULL,NULL),(360,4,41,4,'a68afce32e6b1f57a6c8d10da24f1516','TAKEOFF','TAW-IgZ-IggyZ',1,340,43540,'Ka-50','Beslan',NULL,NULL,NULL,NULL,NULL,NULL,NULL,'\0',NULL,NULL,NULL,NULL),(361,4,41,4,'a68afce32e6b1f57a6c8d10da24f1516','SHOOTING_START','TAW-IgZ-IggyZ',1,341,43541,'Ka-50',NULL,'Cannon','CANNON',NULL,NULL,NULL,NULL,NULL,'\0',NULL,NULL,NULL,NULL),(362,4,41,4,'a68afce32e6b1f57a6c8d10da24f1516','SHOOTING_END','TAW-IgZ-IggyZ',1,342,43542,'Ka-50',NULL,'Cannon','CANNON',NULL,NULL,NULL,NULL,NULL,'\0',NULL,NULL,NULL,NULL),(363,4,41,4,'a68afce32e6b1f57a6c8d10da24f1516','SHOOTING_START','TAW-IgZ-IggyZ',1,342,43542,'Ka-50',NULL,'Cannon','CANNON',NULL,NULL,NULL,NULL,NULL,'\0',NULL,NULL,NULL,NULL),(364,4,41,4,'a68afce32e6b1f57a6c8d10da24f1516','SHOOTING_END','TAW-IgZ-IggyZ',1,343,43543,'Ka-50',NULL,'Cannon','CANNON',NULL,NULL,NULL,NULL,NULL,'\0',NULL,NULL,NULL,NULL),(365,4,41,4,'a68afce32e6b1f57a6c8d10da24f1516','SHOOTING_START','TAW-IgZ-IggyZ',1,365,43565,'Ka-50',NULL,'Cannon','CANNON',NULL,NULL,NULL,NULL,NULL,'\0',NULL,NULL,NULL,NULL),(366,4,41,4,'a68afce32e6b1f57a6c8d10da24f1516','SHOOTING_END','TAW-IgZ-IggyZ',1,365,43565,'Ka-50',NULL,'Cannon','CANNON',NULL,NULL,NULL,NULL,NULL,'\0',NULL,NULL,NULL,NULL),(367,4,41,4,'a68afce32e6b1f57a6c8d10da24f1516','SHOOTING_START','TAW-IgZ-IggyZ',1,366,43566,'Ka-50',NULL,'Cannon','CANNON',NULL,NULL,NULL,NULL,NULL,'\0',NULL,NULL,NULL,NULL),(368,4,41,4,'a68afce32e6b1f57a6c8d10da24f1516','SHOOTING_END','TAW-IgZ-IggyZ',1,367,43567,'Ka-50',NULL,'Cannon','CANNON',NULL,NULL,NULL,NULL,NULL,'\0',NULL,NULL,NULL,NULL),(369,4,41,4,'a68afce32e6b1f57a6c8d10da24f1516','SHOOTING_START','TAW-IgZ-IggyZ',1,367,43567,'Ka-50',NULL,'Cannon','CANNON',NULL,NULL,NULL,NULL,NULL,'\0',NULL,NULL,NULL,NULL),(370,4,41,4,'a68afce32e6b1f57a6c8d10da24f1516','SHOOTING_END','TAW-IgZ-IggyZ',1,368,43568,'Ka-50',NULL,'Cannon','CANNON',NULL,NULL,NULL,NULL,NULL,'\0',NULL,NULL,NULL,NULL),(371,4,41,4,'a68afce32e6b1f57a6c8d10da24f1516','SHOOTING_START','TAW-IgZ-IggyZ',1,369,43569,'Ka-50',NULL,'Cannon','CANNON',NULL,NULL,NULL,NULL,NULL,'\0',NULL,NULL,NULL,NULL),(372,4,41,4,'a68afce32e6b1f57a6c8d10da24f1516','SHOOTING_END','TAW-IgZ-IggyZ',1,370,43570,'Ka-50',NULL,'Cannon','CANNON',NULL,NULL,NULL,NULL,NULL,'\0',NULL,NULL,NULL,NULL),(373,4,41,4,'a68afce32e6b1f57a6c8d10da24f1516','SHOOTING_START','TAW-IgZ-IggyZ',1,371,43571,'Ka-50',NULL,'Cannon','CANNON',NULL,NULL,NULL,NULL,NULL,'\0',NULL,NULL,NULL,NULL),(374,4,41,4,'a68afce32e6b1f57a6c8d10da24f1516','SHOOTING_END','TAW-IgZ-IggyZ',1,372,43572,'Ka-50',NULL,'Cannon','CANNON',NULL,NULL,NULL,NULL,NULL,'\0',NULL,NULL,NULL,NULL),(375,4,41,4,'a68afce32e6b1f57a6c8d10da24f1516','SHOOTING_START','TAW-IgZ-IggyZ',1,372,43572,'Ka-50',NULL,'Cannon','CANNON',NULL,NULL,NULL,NULL,NULL,'\0',NULL,NULL,NULL,NULL),(376,4,41,4,'a68afce32e6b1f57a6c8d10da24f1516','SHOOTING_END','TAW-IgZ-IggyZ',1,373,43573,'Ka-50',NULL,'Cannon','CANNON',NULL,NULL,NULL,NULL,NULL,'\0',NULL,NULL,NULL,NULL),(377,4,41,4,'a68afce32e6b1f57a6c8d10da24f1516','LAND','TAW-IgZ-IggyZ',1,393,43593,'Ka-50',NULL,NULL,NULL,NULL,NULL,NULL,NULL,NULL,'\0',NULL,NULL,NULL,NULL),(378,4,58,1,'a68afce32e6b1f57a6c8d10da24f1516','TAKEOFF','TAW-IgZ-IggyZ',1,77,43277,'Ka-50','Beslan',NULL,NULL,NULL,NULL,NULL,NULL,NULL,'\0',NULL,NULL,NULL,NULL),(379,4,58,1,'a68afce32e6b1f57a6c8d10da24f1516','LAND','TAW-IgZ-IggyZ',1,119,43319,'Ka-50',NULL,NULL,NULL,NULL,NULL,NULL,NULL,NULL,'\0',NULL,NULL,NULL,NULL),(380,4,58,NULL,NULL,'CRASH','AI',1,132,132,'Infantry AK',NULL,NULL,NULL,'SLC Infantry 1#001-01','Infantry AK','INFANTRY','HELICOPTER',1,'\0',NULL,NULL,NULL,NULL),(381,4,58,NULL,NULL,'CRASH','AI',1,132,132,'Infantry AK',NULL,NULL,NULL,'SLC Infantry 1#001-02','Infantry AK','INFANTRY','HELICOPTER',1,'\0',NULL,NULL,NULL,NULL),(382,4,58,NULL,NULL,'CRASH','AI',1,132,132,'Infantry AK',NULL,NULL,NULL,'SLC Infantry 1#001-03','Infantry AK','INFANTRY','HELICOPTER',1,'\0',NULL,NULL,NULL,NULL),(383,4,58,NULL,NULL,'CRASH','AI',1,132,132,'Infantry AK',NULL,NULL,NULL,'SLC Infantry 1#001-04','Infantry AK','INFANTRY','HELICOPTER',1,'\0',NULL,NULL,NULL,NULL),(384,4,58,NULL,NULL,'CRASH','AI',1,132,132,'Infantry AK',NULL,NULL,NULL,'SLC Infantry 1#001-05','Infantry AK','INFANTRY','HELICOPTER',1,'\0',NULL,NULL,NULL,NULL),(385,4,58,NULL,NULL,'CRASH','AI',1,132,132,'Infantry AK',NULL,NULL,NULL,'SLC Infantry 1#001-06','Infantry AK','INFANTRY','HELICOPTER',1,'\0',NULL,NULL,NULL,NULL),(386,4,58,NULL,NULL,'CRASH','AI',1,132,132,'Paratrooper RPG-16',NULL,NULL,NULL,'SLC Infantry 1#001-07','Paratrooper RPG-16','INFANTRY','HELICOPTER',1,'\0',NULL,NULL,NULL,NULL),(387,4,58,NULL,NULL,'CRASH','AI',1,132,132,'Paratrooper RPG-16',NULL,NULL,NULL,'SLC Infantry 1#001-08','Paratrooper RPG-16','INFANTRY','HELICOPTER',1,'\0',NULL,NULL,NULL,NULL),(388,4,58,NULL,NULL,'CRASH','AI',1,132,132,'Infantry AK',NULL,NULL,NULL,'SLC Infantry 1#001-09','Infantry AK','INFANTRY','HELICOPTER',1,'\0',NULL,NULL,NULL,NULL),(389,4,58,NULL,NULL,'CRASH','AI',1,132,132,'Infantry AK',NULL,NULL,NULL,'SLC Infantry 1#001-10','Infantry AK','INFANTRY','HELICOPTER',1,'\0',NULL,NULL,NULL,NULL),(390,4,58,1,'a68afce32e6b1f57a6c8d10da24f1516','TRANSPORT_MOUNT','TAW-IgZ-IggyZ',1,132,43332,'Ka-50','Beslan City',NULL,NULL,NULL,NULL,NULL,NULL,NULL,'\0',NULL,NULL,NULL,NULL),(391,4,58,1,'a68afce32e6b1f57a6c8d10da24f1516','TRANSPORT_DISMOUNT','TAW-IgZ-IggyZ',1,136,43336,'Ka-50','Beslan City',NULL,NULL,NULL,NULL,NULL,NULL,NULL,'\0',NULL,NULL,10,NULL),(392,4,58,2,'a68afce32e6b1f57a6c8d10da24f1516','TAKEOFF','TAW-IgZ-IggyZ',1,153,43353,'Ka-50','Beslan',NULL,NULL,NULL,NULL,NULL,NULL,NULL,'\0',NULL,NULL,NULL,NULL),(393,4,58,2,'a68afce32e6b1f57a6c8d10da24f1516','SHOOTING_START','TAW-IgZ-IggyZ',1,160,43360,'Ka-50',NULL,'Cannon','CANNON',NULL,NULL,NULL,NULL,NULL,'\0',NULL,NULL,NULL,NULL),(394,4,58,2,'a68afce32e6b1f57a6c8d10da24f1516','HIT','TAW-IgZ-IggyZ',1,160,43360,'Ka-50',NULL,'30mm HE','ROCKET','SLC Infantry 2#001-09','Infantry AK','INFANTRY','HELICOPTER',1,'\0',NULL,NULL,NULL,NULL),(395,4,58,2,'a68afce32e6b1f57a6c8d10da24f1516','HIT','TAW-IgZ-IggyZ',1,160,43360,'Ka-50',NULL,'30mm HE','ROCKET','SLC Infantry 2#001-03','Infantry AK','INFANTRY','HELICOPTER',1,'\0',NULL,NULL,NULL,NULL),(396,4,58,2,'a68afce32e6b1f57a6c8d10da24f1516','HIT','TAW-IgZ-IggyZ',1,160,43360,'Ka-50',NULL,'30mm HE','ROCKET','SLC Infantry 2#001-06','Infantry AK','INFANTRY','HELICOPTER',1,'\0',NULL,NULL,NULL,NULL),(397,4,58,2,'a68afce32e6b1f57a6c8d10da24f1516','HIT','TAW-IgZ-IggyZ',1,160,43360,'Ka-50',NULL,'30mm HE','ROCKET','SLC Infantry 2#001-03','Infantry AK','INFANTRY','HELICOPTER',1,'\0',NULL,NULL,NULL,NULL),(398,4,58,2,'a68afce32e6b1f57a6c8d10da24f1516','HIT','TAW-IgZ-IggyZ',1,160,43360,'Ka-50',NULL,'30mm HE','ROCKET','SLC Infantry 2#001-08','Paratrooper RPG-16','INFANTRY','HELICOPTER',1,'\0',NULL,NULL,NULL,NULL),(399,4,58,2,'a68afce32e6b1f57a6c8d10da24f1516','SHOOTING_END','TAW-IgZ-IggyZ',1,161,43361,'Ka-50',NULL,'Cannon','CANNON',NULL,NULL,NULL,NULL,NULL,'\0',NULL,NULL,NULL,NULL),(400,4,58,NULL,NULL,'DEAD','AI',1,166,43366,'Infantry AK',NULL,NULL,NULL,'SLC Infantry 2#001-10','Infantry AK','INFANTRY','HELICOPTER',1,'\0',NULL,NULL,NULL,NULL),(401,4,58,NULL,NULL,'DEAD','AI',1,166,43366,'Infantry AK',NULL,NULL,NULL,'SLC Infantry 2#001-05','Infantry AK','INFANTRY','HELICOPTER',1,'\0',NULL,NULL,NULL,NULL),(402,4,59,3,'a68afce32e6b1f57a6c8d10da24f1516','TAKEOFF','TAW-IgZ-IggyZ',1,24,43224,'Ka-50','Beslan',NULL,NULL,NULL,NULL,NULL,NULL,NULL,'\0',NULL,NULL,NULL,NULL),(403,4,59,3,'a68afce32e6b1f57a6c8d10da24f1516','LAND','TAW-IgZ-IggyZ',1,64,43264,'Ka-50',NULL,NULL,NULL,NULL,NULL,NULL,NULL,NULL,'\0',NULL,NULL,NULL,NULL),(404,4,59,NULL,NULL,'CRASH','AI',1,77,77,'Infantry AK',NULL,NULL,NULL,'SLC Infantry 1#001-01','Infantry AK','INFANTRY','HELICOPTER',1,'\0',NULL,NULL,NULL,NULL),(405,4,59,NULL,NULL,'CRASH','AI',1,77,77,'Infantry AK',NULL,NULL,NULL,'SLC Infantry 1#001-02','Infantry AK','INFANTRY','HELICOPTER',1,'\0',NULL,NULL,NULL,NULL),(406,4,59,NULL,NULL,'CRASH','AI',1,77,77,'Infantry AK',NULL,NULL,NULL,'SLC Infantry 1#001-03','Infantry AK','INFANTRY','HELICOPTER',1,'\0',NULL,NULL,NULL,NULL),(407,4,59,NULL,NULL,'CRASH','AI',1,77,77,'Infantry AK',NULL,NULL,NULL,'SLC Infantry 1#001-04','Infantry AK','INFANTRY','HELICOPTER',1,'\0',NULL,NULL,NULL,NULL),(408,4,59,NULL,NULL,'CRASH','AI',1,77,77,'Infantry AK',NULL,NULL,NULL,'SLC Infantry 1#001-05','Infantry AK','INFANTRY','HELICOPTER',1,'\0',NULL,NULL,NULL,NULL),(409,4,59,NULL,NULL,'CRASH','AI',1,77,77,'Infantry AK',NULL,NULL,NULL,'SLC Infantry 1#001-06','Infantry AK','INFANTRY','HELICOPTER',1,'\0',NULL,NULL,NULL,NULL),(410,4,59,NULL,NULL,'CRASH','AI',1,77,77,'Paratrooper RPG-16',NULL,NULL,NULL,'SLC Infantry 1#001-07','Paratrooper RPG-16','INFANTRY','HELICOPTER',1,'\0',NULL,NULL,NULL,NULL),(411,4,59,NULL,NULL,'CRASH','AI',1,77,77,'Paratrooper RPG-16',NULL,NULL,NULL,'SLC Infantry 1#001-08','Paratrooper RPG-16','INFANTRY','HELICOPTER',1,'\0',NULL,NULL,NULL,NULL),(412,4,59,NULL,NULL,'CRASH','AI',1,77,77,'Infantry AK',NULL,NULL,NULL,'SLC Infantry 1#001-09','Infantry AK','INFANTRY','HELICOPTER',1,'\0',NULL,NULL,NULL,NULL),(413,4,59,NULL,NULL,'CRASH','AI',1,77,77,'Infantry AK',NULL,NULL,NULL,'SLC Infantry 1#001-10','Infantry AK','INFANTRY','HELICOPTER',1,'\0',NULL,NULL,NULL,NULL),(414,4,59,3,'a68afce32e6b1f57a6c8d10da24f1516','TRANSPORT_MOUNT','TAW-IgZ-IggyZ',1,77,43277,'Ka-50','Beslan City',NULL,NULL,NULL,NULL,NULL,NULL,NULL,'\0',NULL,NULL,NULL,NULL),(415,4,59,3,'a68afce32e6b1f57a6c8d10da24f1516','TRANSPORT_DISMOUNT','TAW-IgZ-IggyZ',1,81,43281,'Ka-50','Beslan City',NULL,NULL,NULL,NULL,NULL,NULL,NULL,'\0',NULL,NULL,10,NULL),(416,4,59,NULL,NULL,'CRASH','AI',1,88,88,'Infantry AK',NULL,NULL,NULL,'SLC Infantry 3#001-01','Infantry AK','INFANTRY','HELICOPTER',1,'\0',NULL,NULL,NULL,NULL),(417,4,59,NULL,NULL,'CRASH','AI',1,88,88,'Infantry AK',NULL,NULL,NULL,'SLC Infantry 3#001-02','Infantry AK','INFANTRY','HELICOPTER',1,'\0',NULL,NULL,NULL,NULL),(418,4,59,NULL,NULL,'CRASH','AI',1,88,88,'Infantry AK',NULL,NULL,NULL,'SLC Infantry 3#001-03','Infantry AK','INFANTRY','HELICOPTER',1,'\0',NULL,NULL,NULL,NULL),(419,4,59,NULL,NULL,'CRASH','AI',1,88,88,'Infantry AK',NULL,NULL,NULL,'SLC Infantry 3#001-04','Infantry AK','INFANTRY','HELICOPTER',1,'\0',NULL,NULL,NULL,NULL),(420,4,59,NULL,NULL,'CRASH','AI',1,88,88,'Infantry AK',NULL,NULL,NULL,'SLC Infantry 3#001-05','Infantry AK','INFANTRY','HELICOPTER',1,'\0',NULL,NULL,NULL,NULL),(421,4,59,NULL,NULL,'CRASH','AI',1,88,88,'Infantry AK',NULL,NULL,NULL,'SLC Infantry 3#001-06','Infantry AK','INFANTRY','HELICOPTER',1,'\0',NULL,NULL,NULL,NULL),(422,4,59,NULL,NULL,'CRASH','AI',1,88,88,'Paratrooper RPG-16',NULL,NULL,NULL,'SLC Infantry 3#001-07','Paratrooper RPG-16','INFANTRY','HELICOPTER',1,'\0',NULL,NULL,NULL,NULL),(423,4,59,NULL,NULL,'CRASH','AI',1,88,88,'Paratrooper RPG-16',NULL,NULL,NULL,'SLC Infantry 3#001-08','Paratrooper RPG-16','INFANTRY','HELICOPTER',1,'\0',NULL,NULL,NULL,NULL),(424,4,59,NULL,NULL,'CRASH','AI',1,88,88,'Infantry AK',NULL,NULL,NULL,'SLC Infantry 3#001-09','Infantry AK','INFANTRY','HELICOPTER',1,'\0',NULL,NULL,NULL,NULL),(425,4,59,NULL,NULL,'CRASH','AI',1,88,88,'Infantry AK',NULL,NULL,NULL,'SLC Infantry 3#001-10','Infantry AK','INFANTRY','HELICOPTER',1,'\0',NULL,NULL,NULL,NULL),(426,4,59,3,'a68afce32e6b1f57a6c8d10da24f1516','TRANSPORT_MOUNT','TAW-IgZ-IggyZ',1,88,43288,'Ka-50','Beslan City',NULL,NULL,NULL,NULL,NULL,NULL,NULL,'\0',NULL,NULL,NULL,NULL),(427,4,59,3,'a68afce32e6b1f57a6c8d10da24f1516','TRANSPORT_DISMOUNT','TAW-IgZ-IggyZ',1,91,43291,'Ka-50','Beslan City',NULL,NULL,NULL,NULL,NULL,NULL,NULL,'\0',NULL,NULL,10,NULL),(428,4,59,4,'a68afce32e6b1f57a6c8d10da24f1516','TAKEOFF','TAW-IgZ-IggyZ',1,160,43360,'Ka-50','Beslan',NULL,NULL,NULL,NULL,NULL,NULL,NULL,'\0',NULL,NULL,NULL,NULL),(429,4,59,4,'a68afce32e6b1f57a6c8d10da24f1516','SHOOTING_START','TAW-IgZ-IggyZ',1,173,43373,'Ka-50',NULL,'Cannon','CANNON',NULL,NULL,NULL,NULL,NULL,'\0',NULL,NULL,NULL,NULL),(430,4,59,4,'a68afce32e6b1f57a6c8d10da24f1516','HIT','TAW-IgZ-IggyZ',1,174,43374,'Ka-50',NULL,'30mm HE','ROCKET','SLC Infantry 4#001-10','Infantry AK','INFANTRY','HELICOPTER',1,'\0',NULL,NULL,NULL,NULL),(431,4,59,4,'a68afce32e6b1f57a6c8d10da24f1516','HIT','TAW-IgZ-IggyZ',1,174,43374,'Ka-50',NULL,'30mm HE','ROCKET','SLC MANPADS 2#001-01','SA-18 Igla-S manpad','MANPADS','HELICOPTER',1,'\0',NULL,NULL,NULL,NULL),(432,4,59,4,'a68afce32e6b1f57a6c8d10da24f1516','HIT','TAW-IgZ-IggyZ',1,174,43374,'Ka-50',NULL,'30mm HE','ROCKET','SLC MANPADS 2#001-02','SA-18 Igla-S manpad','MANPADS','HELICOPTER',1,'\0',NULL,NULL,NULL,NULL),(433,4,59,4,'a68afce32e6b1f57a6c8d10da24f1516','HIT','TAW-IgZ-IggyZ',1,174,43374,'Ka-50',NULL,'30mm HE','ROCKET','SLC Infantry 4#001-01','Infantry AK','INFANTRY','HELICOPTER',1,'\0',NULL,NULL,NULL,NULL),(434,4,59,4,'a68afce32e6b1f57a6c8d10da24f1516','HIT','TAW-IgZ-IggyZ',1,174,43374,'Ka-50',NULL,'30mm HE','ROCKET','SLC Infantry 4#001-08','Paratrooper RPG-16','INFANTRY','HELICOPTER',1,'\0',NULL,NULL,NULL,NULL),(435,4,59,4,'a68afce32e6b1f57a6c8d10da24f1516','HIT','TAW-IgZ-IggyZ',1,174,43374,'Ka-50',NULL,'30mm HE','ROCKET','SLC MANPADS 2#001-03','SA-18 Igla-S comm','MANPADS','HELICOPTER',1,'\0',NULL,NULL,NULL,NULL),(436,4,59,4,'a68afce32e6b1f57a6c8d10da24f1516','HIT','TAW-IgZ-IggyZ',1,174,43374,'Ka-50',NULL,'30mm HE','ROCKET','SLC Infantry 4#001-05','Infantry AK','INFANTRY','HELICOPTER',1,'\0',NULL,NULL,NULL,NULL),(437,4,59,4,'a68afce32e6b1f57a6c8d10da24f1516','HIT','TAW-IgZ-IggyZ',1,174,43374,'Ka-50',NULL,'30mm HE','ROCKET','SLC MANPADS 2#001-01','SA-18 Igla-S manpad','MANPADS','HELICOPTER',1,'\0',NULL,NULL,NULL,NULL),(438,4,59,4,'a68afce32e6b1f57a6c8d10da24f1516','HIT','TAW-IgZ-IggyZ',1,174,43374,'Ka-50',NULL,'30mm HE','ROCKET','SLC MANPADS 2#001-02','SA-18 Igla-S manpad','MANPADS','HELICOPTER',1,'\0',NULL,NULL,NULL,NULL),(439,4,59,4,'a68afce32e6b1f57a6c8d10da24f1516','HIT','TAW-IgZ-IggyZ',1,174,43374,'Ka-50',NULL,'30mm HE','ROCKET','SLC Infantry 4#001-01','Infantry AK','INFANTRY','HELICOPTER',1,'\0',NULL,NULL,NULL,NULL),(440,4,59,4,'a68afce32e6b1f57a6c8d10da24f1516','HIT','TAW-IgZ-IggyZ',1,174,43374,'Ka-50',NULL,'30mm HE','ROCKET','SLC Infantry 4#001-08','Paratrooper RPG-16','INFANTRY','HELICOPTER',1,'\0',NULL,NULL,NULL,NULL),(441,4,59,4,'a68afce32e6b1f57a6c8d10da24f1516','HIT','TAW-IgZ-IggyZ',1,174,43374,'Ka-50',NULL,'30mm HE','ROCKET','SLC Infantry 4#001-05','Infantry AK','INFANTRY','HELICOPTER',1,'\0',NULL,NULL,NULL,NULL),(442,4,59,4,'a68afce32e6b1f57a6c8d10da24f1516','HIT','TAW-IgZ-IggyZ',1,174,43374,'Ka-50',NULL,'30mm HE','ROCKET','SLC Infantry 4#001-07','Paratrooper RPG-16','INFANTRY','HELICOPTER',1,'\0',NULL,NULL,NULL,NULL),(443,4,59,4,'a68afce32e6b1f57a6c8d10da24f1516','HIT','TAW-IgZ-IggyZ',1,174,43374,'Ka-50',NULL,'30mm HE','ROCKET','SLC Infantry 4#001-05','Infantry AK','INFANTRY','HELICOPTER',1,'\0',NULL,NULL,NULL,NULL),(444,4,59,4,'a68afce32e6b1f57a6c8d10da24f1516','HIT','TAW-IgZ-IggyZ',1,174,43374,'Ka-50',NULL,'30mm HE','ROCKET','SLC Infantry 4#001-06','Infantry AK','INFANTRY','HELICOPTER',1,'\0',NULL,NULL,NULL,NULL),(445,4,59,4,'a68afce32e6b1f57a6c8d10da24f1516','HIT','TAW-IgZ-IggyZ',1,174,43374,'Ka-50',NULL,'30mm HE','ROCKET','SLC Infantry 4#001-09','Infantry AK','INFANTRY','HELICOPTER',1,'\0',NULL,NULL,NULL,NULL),(446,4,59,4,'a68afce32e6b1f57a6c8d10da24f1516','HIT','TAW-IgZ-IggyZ',1,174,43374,'Ka-50',NULL,'30mm HE','ROCKET','SLC Infantry 4#001-06','Infantry AK','INFANTRY','HELICOPTER',1,'\0',NULL,NULL,NULL,NULL),(447,4,59,4,'a68afce32e6b1f57a6c8d10da24f1516','HIT','TAW-IgZ-IggyZ',1,174,43374,'Ka-50',NULL,'30mm HE','ROCKET','SLC Infantry 4#001-09','Infantry AK','INFANTRY','HELICOPTER',1,'\0',NULL,NULL,NULL,NULL),(448,4,59,4,'a68afce32e6b1f57a6c8d10da24f1516','SHOOTING_END','TAW-IgZ-IggyZ',1,174,43374,'Ka-50',NULL,'Cannon','CANNON',NULL,NULL,NULL,NULL,NULL,'\0',NULL,NULL,NULL,NULL),(449,4,59,4,'a68afce32e6b1f57a6c8d10da24f1516','SHOOTING_START','TAW-IgZ-IggyZ',1,175,43375,'Ka-50',NULL,'Cannon','CANNON',NULL,NULL,NULL,NULL,NULL,'\0',NULL,NULL,NULL,NULL),(450,4,59,4,'a68afce32e6b1f57a6c8d10da24f1516','HIT','TAW-IgZ-IggyZ',1,175,43375,'Ka-50',NULL,'30mm HE','ROCKET','SLC Infantry 4#001-03','Infantry AK','INFANTRY','HELICOPTER',1,'\0',NULL,NULL,NULL,NULL),(451,4,59,4,'a68afce32e6b1f57a6c8d10da24f1516','HIT','TAW-IgZ-IggyZ',1,175,43375,'Ka-50',NULL,'30mm HE','ROCKET','SLC Infantry 4#001-03','Infantry AK','INFANTRY','HELICOPTER',1,'\0',NULL,NULL,NULL,NULL),(452,4,59,4,'a68afce32e6b1f57a6c8d10da24f1516','SHOOTING_START','TAW-IgZ-IggyZ',1,181,43381,'Ka-50',NULL,'Cannon','CANNON',NULL,NULL,NULL,NULL,NULL,'\0',NULL,NULL,NULL,NULL),(453,4,59,4,'a68afce32e6b1f57a6c8d10da24f1516','HIT','TAW-IgZ-IggyZ',1,181,43381,'Ka-50',NULL,'30mm HE','ROCKET','SLC Infantry 4#001-07','Paratrooper RPG-16','INFANTRY','HELICOPTER',1,'\0',NULL,NULL,NULL,NULL),(454,4,59,4,'a68afce32e6b1f57a6c8d10da24f1516','HIT','TAW-IgZ-IggyZ',1,181,43381,'Ka-50',NULL,'30mm HE','ROCKET','SLC Infantry 4#001-04','Infantry AK','INFANTRY','HELICOPTER',1,'\0',NULL,NULL,NULL,NULL),(455,4,59,NULL,NULL,'DEAD','AI',1,181,43381,'Infantry AK',NULL,NULL,NULL,'SLC Infantry 4#001-02','Infantry AK','INFANTRY','HELICOPTER',1,'\0',NULL,NULL,NULL,NULL),(456,4,59,4,'a68afce32e6b1f57a6c8d10da24f1516','HIT','TAW-IgZ-IggyZ',1,181,43381,'Ka-50',NULL,'30mm HE','ROCKET','SLC Infantry 4#001-04','Infantry AK','INFANTRY','HELICOPTER',1,'\0',NULL,NULL,NULL,NULL),(457,4,59,4,'a68afce32e6b1f57a6c8d10da24f1516','HIT','TAW-IgZ-IggyZ',1,182,43382,'Ka-50',NULL,'30mm HE','ROCKET','SLC Infantry 4#001-04','Infantry AK','INFANTRY','HELICOPTER',1,'\0',NULL,NULL,NULL,NULL),(458,4,59,4,'a68afce32e6b1f57a6c8d10da24f1516','SHOOTING_END','TAW-IgZ-IggyZ',1,182,43382,'Ka-50',NULL,'Cannon','CANNON',NULL,NULL,NULL,NULL,NULL,'\0',NULL,NULL,NULL,NULL),(459,4,59,4,'a68afce32e6b1f57a6c8d10da24f1516','SHOOTING_START','TAW-IgZ-IggyZ',1,182,43382,'Ka-50',NULL,'Cannon','CANNON',NULL,NULL,NULL,NULL,NULL,'\0',NULL,NULL,NULL,NULL),(460,4,59,4,'a68afce32e6b1f57a6c8d10da24f1516','HIT','TAW-IgZ-IggyZ',1,182,43382,'Ka-50',NULL,'30mm HE','ROCKET','SLC Infantry 2#001-08','Paratrooper RPG-16','INFANTRY','HELICOPTER',1,'\0',NULL,NULL,NULL,NULL),(461,4,59,4,'a68afce32e6b1f57a6c8d10da24f1516','HIT','TAW-IgZ-IggyZ',1,182,43382,'Ka-50',NULL,'30mm HE','ROCKET','SLC Infantry 2#001-04','Infantry AK','INFANTRY','HELICOPTER',1,'\0',NULL,NULL,NULL,NULL),(462,4,59,4,'a68afce32e6b1f57a6c8d10da24f1516','HIT','TAW-IgZ-IggyZ',1,182,43382,'Ka-50',NULL,'30mm HE','ROCKET','SLC Infantry 2#001-08','Paratrooper RPG-16','INFANTRY','HELICOPTER',1,'\0',NULL,NULL,NULL,NULL),(463,4,59,4,'a68afce32e6b1f57a6c8d10da24f1516','HIT','TAW-IgZ-IggyZ',1,182,43382,'Ka-50',NULL,'30mm HE','ROCKET','SLC Infantry 2#001-04','Infantry AK','INFANTRY','HELICOPTER',1,'\0',NULL,NULL,NULL,NULL),(464,4,59,4,'a68afce32e6b1f57a6c8d10da24f1516','HIT','TAW-IgZ-IggyZ',1,183,43383,'Ka-50',NULL,'30mm HE','ROCKET','SLC Infantry 2#001-02','Infantry AK','INFANTRY','HELICOPTER',1,'\0',NULL,NULL,NULL,NULL),(465,4,59,4,'a68afce32e6b1f57a6c8d10da24f1516','HIT','TAW-IgZ-IggyZ',1,183,43383,'Ka-50',NULL,'30mm HE','ROCKET','SLC Infantry 2#001-02','Infantry AK','INFANTRY','HELICOPTER',1,'\0',NULL,NULL,NULL,NULL),(466,4,59,4,'a68afce32e6b1f57a6c8d10da24f1516','SHOOTING_END','TAW-IgZ-IggyZ',1,183,43383,'Ka-50',NULL,'Cannon','CANNON',NULL,NULL,NULL,NULL,NULL,'\0',NULL,NULL,NULL,NULL),(467,4,59,4,'a68afce32e6b1f57a6c8d10da24f1516','SHOOTING_START','TAW-IgZ-IggyZ',1,183,43383,'Ka-50',NULL,'Cannon','CANNON',NULL,NULL,NULL,NULL,NULL,'\0',NULL,NULL,NULL,NULL),(468,4,59,NULL,NULL,'DEAD','AI',1,183,43383,'Paratrooper RPG-16',NULL,NULL,NULL,'SLC Infantry 4#001-07','Paratrooper RPG-16','INFANTRY','HELICOPTER',1,'\0',NULL,NULL,NULL,NULL),(469,4,59,4,'a68afce32e6b1f57a6c8d10da24f1516','SHOOTING_END','TAW-IgZ-IggyZ',1,184,43384,'Ka-50',NULL,'Cannon','CANNON',NULL,NULL,NULL,NULL,NULL,'\0',NULL,NULL,NULL,NULL),(470,4,59,NULL,NULL,'DEAD','AI',1,184,43384,'Infantry AK',NULL,NULL,NULL,'SLC Infantry 4#001-04','Infantry AK','INFANTRY','HELICOPTER',1,'\0',NULL,NULL,NULL,NULL),(471,4,59,NULL,NULL,'DEAD','AI',1,184,43384,'Paratrooper RPG-16',NULL,NULL,NULL,'SLC Infantry 2#001-08','Paratrooper RPG-16','INFANTRY','HELICOPTER',1,'\0',NULL,NULL,NULL,NULL),(472,4,59,NULL,NULL,'DEAD','AI',1,185,43385,'Infantry AK',NULL,NULL,NULL,'SLC Infantry 2#001-04','Infantry AK','INFANTRY','HELICOPTER',1,'\0',NULL,NULL,NULL,NULL),(473,4,59,NULL,NULL,'DEAD','AI',1,185,43385,'Infantry AK',NULL,NULL,NULL,'SLC Infantry 2#001-02','Infantry AK','INFANTRY','HELICOPTER',1,'\0',NULL,NULL,NULL,NULL),(474,4,59,NULL,NULL,'CRASH','AI',1,193,193,'SA-18 Igla-S comm',NULL,NULL,NULL,'SLC MANPADS 2#001-03','SA-18 Igla-S comm','MANPADS','HELICOPTER',1,'\0',NULL,NULL,NULL,NULL),(475,4,60,5,'a68afce32e6b1f57a6c8d10da24f1516','TAKEOFF','TAW-IgZ-IggyZ',1,16,43216,'Ka-50','Beslan',NULL,NULL,NULL,NULL,NULL,NULL,NULL,'\0',NULL,NULL,NULL,NULL),(476,4,60,5,'a68afce32e6b1f57a6c8d10da24f1516','LAND','TAW-IgZ-IggyZ',1,55,43255,'Ka-50',NULL,NULL,NULL,NULL,NULL,NULL,NULL,NULL,'\0',NULL,NULL,NULL,NULL),(477,4,60,6,'a68afce32e6b1f57a6c8d10da24f1516','TAKEOFF','TAW-IgZ-IggyZ',1,86,43286,'Ka-50','Beslan',NULL,NULL,NULL,NULL,NULL,NULL,NULL,'\0',NULL,NULL,NULL,NULL),(478,4,60,6,'a68afce32e6b1f57a6c8d10da24f1516','SHOOTING_START','TAW-IgZ-IggyZ',1,88,43288,'Ka-50',NULL,'Cannon','CANNON',NULL,NULL,NULL,NULL,NULL,'\0',NULL,NULL,NULL,NULL),(479,4,60,6,'a68afce32e6b1f57a6c8d10da24f1516','HIT','TAW-IgZ-IggyZ',1,88,43288,'Ka-50',NULL,'30mm HE','ROCKET','SLC Infantry 1#001-03','Infantry AK','INFANTRY','HELICOPTER',1,'\0',NULL,NULL,NULL,NULL),(480,4,60,6,'a68afce32e6b1f57a6c8d10da24f1516','HIT','TAW-IgZ-IggyZ',1,88,43288,'Ka-50',NULL,'30mm HE','ROCKET','SLC Infantry 1#001-06','Infantry AK','INFANTRY','HELICOPTER',1,'\0',NULL,NULL,NULL,NULL),(481,4,60,6,'a68afce32e6b1f57a6c8d10da24f1516','HIT','TAW-IgZ-IggyZ',1,88,43288,'Ka-50',NULL,'30mm HE','ROCKET','SLC Infantry 2#001-03','Infantry AK','INFANTRY','HELICOPTER',1,'\0',NULL,NULL,NULL,NULL),(482,4,60,6,'a68afce32e6b1f57a6c8d10da24f1516','HIT','TAW-IgZ-IggyZ',1,88,43288,'Ka-50',NULL,'30mm HE','ROCKET','SLC Infantry 2#001-06','Infantry AK','INFANTRY','HELICOPTER',1,'\0',NULL,NULL,NULL,NULL),(483,4,60,6,'a68afce32e6b1f57a6c8d10da24f1516','HIT','TAW-IgZ-IggyZ',1,88,43288,'Ka-50',NULL,'30mm HE','ROCKET','SLC Infantry 1#001-05','Infantry AK','INFANTRY','HELICOPTER',1,'\0',NULL,NULL,NULL,NULL),(484,4,60,6,'a68afce32e6b1f57a6c8d10da24f1516','HIT','TAW-IgZ-IggyZ',1,88,43288,'Ka-50',NULL,'30mm HE','ROCKET','SLC Infantry 1#001-06','Infantry AK','INFANTRY','HELICOPTER',1,'\0',NULL,NULL,NULL,NULL),(485,4,60,6,'a68afce32e6b1f57a6c8d10da24f1516','HIT','TAW-IgZ-IggyZ',1,88,43288,'Ka-50',NULL,'30mm HE','ROCKET','SLC Infantry 2#001-05','Infantry AK','INFANTRY','HELICOPTER',1,'\0',NULL,NULL,NULL,NULL),(486,4,60,6,'a68afce32e6b1f57a6c8d10da24f1516','HIT','TAW-IgZ-IggyZ',1,88,43288,'Ka-50',NULL,'30mm HE','ROCKET','SLC Infantry 2#001-06','Infantry AK','INFANTRY','HELICOPTER',1,'\0',NULL,NULL,NULL,NULL),(487,4,60,6,'a68afce32e6b1f57a6c8d10da24f1516','HIT','TAW-IgZ-IggyZ',1,89,43289,'Ka-50',NULL,'30mm HE','ROCKET','SLC Infantry 1#001-01','Infantry AK','INFANTRY','HELICOPTER',1,'\0',NULL,NULL,NULL,NULL),(488,4,60,6,'a68afce32e6b1f57a6c8d10da24f1516','HIT','TAW-IgZ-IggyZ',1,89,43289,'Ka-50',NULL,'30mm HE','ROCKET','SLC Infantry 1#001-10','Infantry AK','INFANTRY','HELICOPTER',1,'\0',NULL,NULL,NULL,NULL),(489,4,60,6,'a68afce32e6b1f57a6c8d10da24f1516','HIT','TAW-IgZ-IggyZ',1,89,43289,'Ka-50',NULL,'30mm HE','ROCKET','SLC Infantry 2#001-01','Infantry AK','INFANTRY','HELICOPTER',1,'\0',NULL,NULL,NULL,NULL),(490,4,60,6,'a68afce32e6b1f57a6c8d10da24f1516','HIT','TAW-IgZ-IggyZ',1,89,43289,'Ka-50',NULL,'30mm HE','ROCKET','SLC Infantry 2#001-10','Infantry AK','INFANTRY','HELICOPTER',1,'\0',NULL,NULL,NULL,NULL),(491,4,60,6,'a68afce32e6b1f57a6c8d10da24f1516','HIT','TAW-IgZ-IggyZ',1,89,43289,'Ka-50',NULL,'30mm HE','ROCKET','SLC Infantry 1#001-01','Infantry AK','INFANTRY','HELICOPTER',1,'\0',NULL,NULL,NULL,NULL),(492,4,60,6,'a68afce32e6b1f57a6c8d10da24f1516','HIT','TAW-IgZ-IggyZ',1,89,43289,'Ka-50',NULL,'30mm HE','ROCKET','SLC Infantry 1#001-10','Infantry AK','INFANTRY','HELICOPTER',1,'\0',NULL,NULL,NULL,NULL),(493,4,60,6,'a68afce32e6b1f57a6c8d10da24f1516','HIT','TAW-IgZ-IggyZ',1,89,43289,'Ka-50',NULL,'30mm HE','ROCKET','SLC Infantry 2#001-01','Infantry AK','INFANTRY','HELICOPTER',1,'\0',NULL,NULL,NULL,NULL),(494,4,60,NULL,NULL,'DEAD','AI',1,91,43291,'Infantry AK',NULL,NULL,NULL,'SLC Infantry 1#001-03','Infantry AK','INFANTRY','HELICOPTER',1,'\0',NULL,NULL,NULL,NULL),(495,4,60,NULL,NULL,'DEAD','AI',1,91,43291,'Infantry AK',NULL,NULL,NULL,'SLC Infantry 2#001-03','Infantry AK','INFANTRY','HELICOPTER',1,'\0',NULL,NULL,NULL,NULL),(496,4,60,NULL,NULL,'DEAD','AI',1,91,43291,'Infantry AK',NULL,NULL,NULL,'SLC Infantry 1#001-06','Infantry AK','INFANTRY','HELICOPTER',1,'\0',NULL,NULL,NULL,NULL),(497,4,60,NULL,NULL,'DEAD','AI',1,91,43291,'Infantry AK',NULL,NULL,NULL,'SLC Infantry 2#001-05','Infantry AK','INFANTRY','HELICOPTER',1,'\0',NULL,NULL,NULL,NULL),(498,4,60,NULL,NULL,'DEAD','AI',1,91,43291,'Infantry AK',NULL,NULL,NULL,'SLC Infantry 2#001-06','Infantry AK','INFANTRY','HELICOPTER',1,'\0',NULL,NULL,NULL,NULL),(499,4,60,NULL,NULL,'DEAD','AI',1,91,43291,'Infantry AK',NULL,NULL,NULL,'SLC Infantry 1#001-05','Infantry AK','INFANTRY','HELICOPTER',1,'\0',NULL,NULL,NULL,NULL),(500,4,60,6,'a68afce32e6b1f57a6c8d10da24f1516','HIT','TAW-IgZ-IggyZ',1,91,43291,'Ka-50',NULL,'30mm HE','ROCKET','SLC Infantry 1#001-02','Infantry AK','INFANTRY','HELICOPTER',1,'\0',NULL,NULL,NULL,NULL),(501,4,60,6,'a68afce32e6b1f57a6c8d10da24f1516','HIT','TAW-IgZ-IggyZ',1,91,43291,'Ka-50',NULL,'30mm HE','ROCKET','SLC Infantry 2#001-02','Infantry AK','INFANTRY','HELICOPTER',1,'\0',NULL,NULL,NULL,NULL),(502,4,60,6,'a68afce32e6b1f57a6c8d10da24f1516','SHOOTING_END','TAW-IgZ-IggyZ',1,91,43291,'Ka-50',NULL,'Cannon','CANNON',NULL,NULL,NULL,NULL,NULL,'\0',NULL,NULL,NULL,NULL),(503,4,60,NULL,NULL,'DEAD','AI',1,91,43291,'Infantry AK',NULL,NULL,NULL,'SLC Infantry 1#001-01','Infantry AK','INFANTRY','HELICOPTER',1,'\0',NULL,NULL,NULL,NULL),(504,4,60,NULL,NULL,'DEAD','AI',1,91,43291,'Infantry AK',NULL,NULL,NULL,'SLC Infantry 1#001-10','Infantry AK','INFANTRY','HELICOPTER',1,'\0',NULL,NULL,NULL,NULL),(505,4,60,NULL,NULL,'DEAD','AI',1,91,43291,'Infantry AK',NULL,NULL,NULL,'SLC Infantry 2#001-01','Infantry AK','INFANTRY','HELICOPTER',1,'\0',NULL,NULL,NULL,NULL),(506,4,60,NULL,NULL,'DEAD','AI',1,91,43291,'Infantry AK',NULL,NULL,NULL,'SLC Infantry 2#001-10','Infantry AK','INFANTRY','HELICOPTER',1,'\0',NULL,NULL,NULL,NULL),(507,4,60,6,'a68afce32e6b1f57a6c8d10da24f1516','SHOOTING_START','TAW-IgZ-IggyZ',1,91,43291,'Ka-50',NULL,'Cannon','CANNON',NULL,NULL,NULL,NULL,NULL,'\0',NULL,NULL,NULL,NULL),(508,4,60,6,'a68afce32e6b1f57a6c8d10da24f1516','HIT','TAW-IgZ-IggyZ',1,92,43292,'Ka-50',NULL,'30mm HE','ROCKET','SLC Infantry 1#001-02','Infantry AK','INFANTRY','HELICOPTER',1,'\0',NULL,NULL,NULL,NULL),(509,4,60,6,'a68afce32e6b1f57a6c8d10da24f1516','HIT','TAW-IgZ-IggyZ',1,92,43292,'Ka-50',NULL,'30mm HE','ROCKET','SLC Infantry 2#001-02','Infantry AK','INFANTRY','HELICOPTER',1,'\0',NULL,NULL,NULL,NULL),(510,4,60,6,'a68afce32e6b1f57a6c8d10da24f1516','SHOOTING_END','TAW-IgZ-IggyZ',1,92,43292,'Ka-50',NULL,'Cannon','CANNON',NULL,NULL,NULL,NULL,NULL,'\0',NULL,NULL,NULL,NULL),(511,4,60,6,'a68afce32e6b1f57a6c8d10da24f1516','LAND','TAW-IgZ-IggyZ',1,113,43313,'Ka-50',NULL,NULL,NULL,NULL,NULL,NULL,NULL,NULL,'\0',NULL,NULL,NULL,NULL),(512,4,60,NULL,NULL,'CRASH','AI',1,186,186,'Paratrooper RPG-16',NULL,NULL,NULL,'SLC Infantry 1#001-07','Paratrooper RPG-16','INFANTRY','HELICOPTER',1,'\0',NULL,NULL,NULL,NULL),(513,4,60,NULL,NULL,'CRASH','AI',1,190,190,'Paratrooper RPG-16',NULL,NULL,NULL,'SLC Infantry 2#001-07','Paratrooper RPG-16','INFANTRY','HELICOPTER',1,'\0',NULL,NULL,NULL,NULL),(514,4,61,7,'a68afce32e6b1f57a6c8d10da24f1516','TAKEOFF','TAW-IgZ-IggyZ',1,33,43233,'Ka-50','Beslan',NULL,NULL,NULL,NULL,NULL,NULL,NULL,'\0',NULL,NULL,NULL,NULL),(515,4,61,7,'a68afce32e6b1f57a6c8d10da24f1516','LAND','TAW-IgZ-IggyZ',1,64,43264,'Ka-50',NULL,NULL,NULL,NULL,NULL,NULL,NULL,NULL,'\0',NULL,NULL,NULL,NULL),(516,4,61,NULL,NULL,'CRASH','AI',1,74,74,'Infantry AK',NULL,NULL,NULL,'SLC Infantry 1#001-01','Infantry AK','INFANTRY','HELICOPTER',1,'\0',NULL,NULL,NULL,NULL),(517,4,61,NULL,NULL,'CRASH','AI',1,74,74,'Infantry AK',NULL,NULL,NULL,'SLC Infantry 1#001-02','Infantry AK','INFANTRY','HELICOPTER',1,'\0',NULL,NULL,NULL,NULL),(518,4,61,NULL,NULL,'CRASH','AI',1,74,74,'Infantry AK',NULL,NULL,NULL,'SLC Infantry 1#001-03','Infantry AK','INFANTRY','HELICOPTER',1,'\0',NULL,NULL,NULL,NULL),(519,4,61,NULL,NULL,'CRASH','AI',1,74,74,'Infantry AK',NULL,NULL,NULL,'SLC Infantry 1#001-04','Infantry AK','INFANTRY','HELICOPTER',1,'\0',NULL,NULL,NULL,NULL),(520,4,61,NULL,NULL,'CRASH','AI',1,74,74,'Infantry AK',NULL,NULL,NULL,'SLC Infantry 1#001-05','Infantry AK','INFANTRY','HELICOPTER',1,'\0',NULL,NULL,NULL,NULL),(521,4,61,NULL,NULL,'CRASH','AI',1,74,74,'Infantry AK',NULL,NULL,NULL,'SLC Infantry 1#001-06','Infantry AK','INFANTRY','HELICOPTER',1,'\0',NULL,NULL,NULL,NULL),(522,4,61,NULL,NULL,'CRASH','AI',1,74,74,'Paratrooper RPG-16',NULL,NULL,NULL,'SLC Infantry 1#001-07','Paratrooper RPG-16','INFANTRY','HELICOPTER',1,'\0',NULL,NULL,NULL,NULL),(523,4,61,NULL,NULL,'CRASH','AI',1,74,74,'Paratrooper RPG-16',NULL,NULL,NULL,'SLC Infantry 1#001-08','Paratrooper RPG-16','INFANTRY','HELICOPTER',1,'\0',NULL,NULL,NULL,NULL),(524,4,61,NULL,NULL,'CRASH','AI',1,74,74,'Infantry AK',NULL,NULL,NULL,'SLC Infantry 1#001-09','Infantry AK','INFANTRY','HELICOPTER',1,'\0',NULL,NULL,NULL,NULL),(525,4,61,NULL,NULL,'CRASH','AI',1,74,74,'Infantry AK',NULL,NULL,NULL,'SLC Infantry 1#001-10','Infantry AK','INFANTRY','HELICOPTER',1,'\0',NULL,NULL,NULL,NULL),(526,4,61,7,'a68afce32e6b1f57a6c8d10da24f1516','TRANSPORT_MOUNT','TAW-IgZ-IggyZ',1,74,43274,'Ka-50','Beslan City',NULL,NULL,NULL,NULL,NULL,NULL,NULL,'\0',NULL,NULL,NULL,NULL),(527,4,61,7,'a68afce32e6b1f57a6c8d10da24f1516','TRANSPORT_DISMOUNT','TAW-IgZ-IggyZ',1,77,43277,'Ka-50','Beslan City',NULL,NULL,NULL,NULL,NULL,NULL,NULL,'\0',NULL,NULL,10,NULL),(528,4,61,NULL,NULL,'CRASH','AI',1,100,100,'Infantry AK',NULL,NULL,NULL,'SLC Infantry 2#001-01','Infantry AK','INFANTRY','HELICOPTER',1,'\0',NULL,NULL,NULL,NULL),(529,4,61,NULL,NULL,'CRASH','AI',1,100,100,'Infantry AK',NULL,NULL,NULL,'SLC Infantry 2#001-02','Infantry AK','INFANTRY','HELICOPTER',1,'\0',NULL,NULL,NULL,NULL),(530,4,61,NULL,NULL,'CRASH','AI',1,100,100,'Infantry AK',NULL,NULL,NULL,'SLC Infantry 2#001-03','Infantry AK','INFANTRY','HELICOPTER',1,'\0',NULL,NULL,NULL,NULL),(531,4,61,NULL,NULL,'CRASH','AI',1,100,100,'Infantry AK',NULL,NULL,NULL,'SLC Infantry 2#001-04','Infantry AK','INFANTRY','HELICOPTER',1,'\0',NULL,NULL,NULL,NULL),(532,4,61,NULL,NULL,'CRASH','AI',1,100,100,'Infantry AK',NULL,NULL,NULL,'SLC Infantry 2#001-05','Infantry AK','INFANTRY','HELICOPTER',1,'\0',NULL,NULL,NULL,NULL),(533,4,61,NULL,NULL,'CRASH','AI',1,100,100,'Infantry AK',NULL,NULL,NULL,'SLC Infantry 2#001-06','Infantry AK','INFANTRY','HELICOPTER',1,'\0',NULL,NULL,NULL,NULL),(534,4,61,NULL,NULL,'CRASH','AI',1,100,100,'Paratrooper RPG-16',NULL,NULL,NULL,'SLC Infantry 2#001-07','Paratrooper RPG-16','INFANTRY','HELICOPTER',1,'\0',NULL,NULL,NULL,NULL),(535,4,61,NULL,NULL,'CRASH','AI',1,100,100,'Paratrooper RPG-16',NULL,NULL,NULL,'SLC Infantry 2#001-08','Paratrooper RPG-16','INFANTRY','HELICOPTER',1,'\0',NULL,NULL,NULL,NULL),(536,4,61,NULL,NULL,'CRASH','AI',1,100,100,'Infantry AK',NULL,NULL,NULL,'SLC Infantry 2#001-09','Infantry AK','INFANTRY','HELICOPTER',1,'\0',NULL,NULL,NULL,NULL),(537,4,61,NULL,NULL,'CRASH','AI',1,100,100,'Infantry AK',NULL,NULL,NULL,'SLC Infantry 2#001-10','Infantry AK','INFANTRY','HELICOPTER',1,'\0',NULL,NULL,NULL,NULL),(538,4,61,7,'a68afce32e6b1f57a6c8d10da24f1516','TRANSPORT_MOUNT','TAW-IgZ-IggyZ',1,100,43300,'Ka-50','Beslan City',NULL,NULL,NULL,NULL,NULL,NULL,NULL,'\0',NULL,NULL,NULL,NULL),(539,4,61,7,'a68afce32e6b1f57a6c8d10da24f1516','TRANSPORT_DISMOUNT','TAW-IgZ-IggyZ',1,104,43304,'Ka-50','Beslan City',NULL,NULL,NULL,NULL,NULL,NULL,NULL,'\0',NULL,NULL,10,NULL),(540,4,61,8,'a68afce32e6b1f57a6c8d10da24f1516','TAKEOFF','TAW-IgZ-IggyZ',1,118,43318,'Ka-50','Beslan',NULL,NULL,NULL,NULL,NULL,NULL,NULL,'\0',NULL,NULL,NULL,NULL),(541,4,61,8,'a68afce32e6b1f57a6c8d10da24f1516','SHOOTING_START','TAW-IgZ-IggyZ',1,122,43322,'Ka-50',NULL,'Cannon','CANNON',NULL,NULL,NULL,NULL,NULL,'\0',NULL,NULL,NULL,NULL),(542,4,61,8,'a68afce32e6b1f57a6c8d10da24f1516','HIT','TAW-IgZ-IggyZ',1,122,43322,'Ka-50',NULL,'30mm HE','ROCKET','SLC Infantry 3#001-06','Infantry AK','INFANTRY','HELICOPTER',1,'\0',NULL,NULL,NULL,NULL),(543,4,61,8,'a68afce32e6b1f57a6c8d10da24f1516','HIT','TAW-IgZ-IggyZ',1,122,43322,'Ka-50',NULL,'30mm HE','ROCKET','SLC Infantry 3#001-03','Infantry AK','INFANTRY','HELICOPTER',1,'\0',NULL,NULL,NULL,NULL),(544,4,61,8,'a68afce32e6b1f57a6c8d10da24f1516','HIT','TAW-IgZ-IggyZ',1,122,43322,'Ka-50',NULL,'30mm HE','ROCKET','SLC Infantry 3#001-05','Infantry AK','INFANTRY','HELICOPTER',1,'\0',NULL,NULL,NULL,NULL),(545,4,61,8,'a68afce32e6b1f57a6c8d10da24f1516','HIT','TAW-IgZ-IggyZ',1,122,43322,'Ka-50',NULL,'30mm HE','ROCKET','SLC Infantry 3#001-09','Infantry AK','INFANTRY','HELICOPTER',1,'\0',NULL,NULL,NULL,NULL),(546,4,61,8,'a68afce32e6b1f57a6c8d10da24f1516','HIT','TAW-IgZ-IggyZ',1,122,43322,'Ka-50',NULL,'30mm HE','ROCKET','SLC Infantry 4#001-03','Infantry AK','INFANTRY','HELICOPTER',1,'\0',NULL,NULL,NULL,NULL),(547,4,61,8,'a68afce32e6b1f57a6c8d10da24f1516','HIT','TAW-IgZ-IggyZ',1,122,43322,'Ka-50',NULL,'30mm HE','ROCKET','SLC Infantry 4#001-05','Infantry AK','INFANTRY','HELICOPTER',1,'\0',NULL,NULL,NULL,NULL),(548,4,61,8,'a68afce32e6b1f57a6c8d10da24f1516','HIT','TAW-IgZ-IggyZ',1,122,43322,'Ka-50',NULL,'30mm HE','ROCKET','SLC Infantry 4#001-06','Infantry AK','INFANTRY','HELICOPTER',1,'\0',NULL,NULL,NULL,NULL),(549,4,61,8,'a68afce32e6b1f57a6c8d10da24f1516','HIT','TAW-IgZ-IggyZ',1,122,43322,'Ka-50',NULL,'30mm HE','ROCKET','SLC Infantry 4#001-09','Infantry AK','INFANTRY','HELICOPTER',1,'\0',NULL,NULL,NULL,NULL),(550,4,61,8,'a68afce32e6b1f57a6c8d10da24f1516','HIT','TAW-IgZ-IggyZ',1,122,43322,'Ka-50',NULL,'30mm HE','ROCKET','SLC Infantry 3#001-03','Infantry AK','INFANTRY','HELICOPTER',1,'\0',NULL,NULL,NULL,NULL),(551,4,61,8,'a68afce32e6b1f57a6c8d10da24f1516','HIT','TAW-IgZ-IggyZ',1,122,43322,'Ka-50',NULL,'30mm HE','ROCKET','SLC Infantry 3#001-05','Infantry AK','INFANTRY','HELICOPTER',1,'\0',NULL,NULL,NULL,NULL),(552,4,61,8,'a68afce32e6b1f57a6c8d10da24f1516','HIT','TAW-IgZ-IggyZ',1,122,43322,'Ka-50',NULL,'30mm HE','ROCKET','SLC Infantry 4#001-03','Infantry AK','INFANTRY','HELICOPTER',1,'\0',NULL,NULL,NULL,NULL),(553,4,61,8,'a68afce32e6b1f57a6c8d10da24f1516','HIT','TAW-IgZ-IggyZ',1,122,43322,'Ka-50',NULL,'30mm HE','ROCKET','SLC Infantry 4#001-05','Infantry AK','INFANTRY','HELICOPTER',1,'\0',NULL,NULL,NULL,NULL),(554,4,61,8,'a68afce32e6b1f57a6c8d10da24f1516','SHOOTING_END','TAW-IgZ-IggyZ',1,123,43323,'Ka-50',NULL,'Cannon','CANNON',NULL,NULL,NULL,NULL,NULL,'\0',NULL,NULL,NULL,NULL),(555,4,61,8,'a68afce32e6b1f57a6c8d10da24f1516','SHOOTING_START','TAW-IgZ-IggyZ',1,123,43323,'Ka-50',NULL,'Cannon','CANNON',NULL,NULL,NULL,NULL,NULL,'\0',NULL,NULL,NULL,NULL),(556,4,61,8,'a68afce32e6b1f57a6c8d10da24f1516','HIT','TAW-IgZ-IggyZ',1,123,43323,'Ka-50',NULL,'30mm HE','ROCKET','SLC Infantry 3#001-08','Paratrooper RPG-16','INFANTRY','HELICOPTER',1,'\0',NULL,NULL,NULL,NULL),(557,4,61,8,'a68afce32e6b1f57a6c8d10da24f1516','HIT','TAW-IgZ-IggyZ',1,123,43323,'Ka-50',NULL,'30mm HE','ROCKET','SLC Infantry 3#001-10','Infantry AK','INFANTRY','HELICOPTER',1,'\0',NULL,NULL,NULL,NULL),(558,4,61,NULL,NULL,'DEAD','AI',1,132,43332,'Infantry AK',NULL,NULL,NULL,'SLC Infantry 4#001-04','Infantry AK','INFANTRY','HELICOPTER',1,'\0',NULL,NULL,NULL,NULL),(559,4,61,8,'a68afce32e6b1f57a6c8d10da24f1516','LAND','TAW-IgZ-IggyZ',1,155,43355,'Ka-50',NULL,NULL,NULL,NULL,NULL,NULL,NULL,NULL,'\0',NULL,NULL,NULL,NULL),(560,4,62,10,'a68afce32e6b1f57a6c8d10da24f1516','HIT','TAW-IgZ-IggyZ',1,141,43341,'Ka-50',NULL,'30mm HE','ROCKET','SLC ATInfantry 2#001-02','Paratrooper RPG-16','INFANTRY','HELICOPTER',1,'\0',NULL,NULL,NULL,NULL),(561,4,62,NULL,NULL,'DEAD','AI',1,142,43342,'SA-18 Igla-S manpad',NULL,NULL,NULL,'SLC MANPADS 3#001-01','SA-18 Igla-S manpad','MANPADS','HELICOPTER',1,'\0',NULL,NULL,NULL,NULL),(562,4,62,NULL,NULL,'DEAD','AI',1,142,43342,'Infantry AK',NULL,NULL,NULL,'SLC Infantry 1#001-04','Infantry AK','INFANTRY','HELICOPTER',1,'\0',NULL,NULL,NULL,NULL),(563,4,62,NULL,NULL,'DEAD','AI',1,142,43342,'Infantry AK',NULL,NULL,NULL,'SLC Infantry 1#001-02','Infantry AK','INFANTRY','HELICOPTER',1,'\0',NULL,NULL,NULL,NULL),(564,4,62,10,'a68afce32e6b1f57a6c8d10da24f1516','SHOOTING_END','TAW-IgZ-IggyZ',1,142,43342,'Ka-50',NULL,'Cannon','CANNON',NULL,NULL,NULL,NULL,NULL,'\0',NULL,NULL,NULL,NULL),(565,4,62,NULL,NULL,'DEAD','AI',1,143,43343,'Paratrooper RPG-16',NULL,NULL,NULL,'SLC ATInfantry 2#001-02','Paratrooper RPG-16','INFANTRY','HELICOPTER',1,'\0',NULL,NULL,NULL,NULL),(566,4,62,NULL,NULL,'DEAD','AI',1,183,43383,'SA-18 Igla-S comm',NULL,NULL,NULL,'SLC MANPADS 3#001-03','SA-18 Igla-S comm','MANPADS','HELICOPTER',1,'\0',NULL,NULL,NULL,NULL),(567,4,62,NULL,NULL,'CRASH','AI',1,226,226,'Infantry AK',NULL,NULL,NULL,'SLC Infantry 1#001-01','Infantry AK','INFANTRY','HELICOPTER',1,'\0',NULL,NULL,NULL,NULL),(568,4,62,NULL,NULL,'CRASH','AI',1,226,226,'Paratrooper RPG-16',NULL,NULL,NULL,'SLC Infantry 1#001-07','Paratrooper RPG-16','INFANTRY','HELICOPTER',1,'\0',NULL,NULL,NULL,NULL),(569,4,62,NULL,NULL,'CRASH','AI',1,232,232,'Infantry AK',NULL,NULL,NULL,'SLC ATInfantry 2#001-01','Infantry AK','INFANTRY','HELICOPTER',1,'\0',NULL,NULL,NULL,NULL),(570,4,62,NULL,NULL,'CRASH','AI',1,232,232,'Paratrooper RPG-16',NULL,NULL,NULL,'SLC ATInfantry 2#001-06','Paratrooper RPG-16','INFANTRY','HELICOPTER',1,'\0',NULL,NULL,NULL,NULL),(571,4,62,NULL,NULL,'CRASH','AI',1,236,236,'SA-18 Igla-S manpad',NULL,NULL,NULL,'SLC MANPADS 3#001-02','SA-18 Igla-S manpad','MANPADS','HELICOPTER',1,'\0',NULL,NULL,NULL,NULL),(572,4,62,10,'a68afce32e6b1f57a6c8d10da24f1516','LAND','TAW-IgZ-IggyZ',1,378,43578,'Ka-50',NULL,NULL,NULL,NULL,NULL,NULL,NULL,NULL,'\0',NULL,NULL,NULL,NULL),(573,4,65,11,'a68afce32e6b1f57a6c8d10da24f1516','TAKEOFF','TAW-IgZ-IggyZ',1,48,43248,'Ka-50','Beslan',NULL,NULL,NULL,NULL,NULL,NULL,NULL,'\0',NULL,NULL,NULL,NULL),(574,4,65,11,'a68afce32e6b1f57a6c8d10da24f1516','LAND','TAW-IgZ-IggyZ',1,88,43288,'Ka-50',NULL,NULL,NULL,NULL,NULL,NULL,NULL,NULL,'\0',NULL,NULL,NULL,NULL),(575,4,65,12,'a68afce32e6b1f57a6c8d10da24f1516','TAKEOFF','TAW-IgZ-IggyZ',1,104,43304,'Ka-50','Beslan',NULL,NULL,NULL,NULL,NULL,NULL,NULL,'\0',NULL,NULL,NULL,NULL),(576,4,65,12,'a68afce32e6b1f57a6c8d10da24f1516','LAND','TAW-IgZ-IggyZ',1,144,43344,'Ka-50',NULL,NULL,NULL,NULL,NULL,NULL,NULL,NULL,'\0',NULL,NULL,NULL,NULL),(577,4,66,13,'a68afce32e6b1f57a6c8d10da24f1516','TAKEOFF','TAW-IgZ-IggyZ',1,49,43249,'Ka-50','Beslan',NULL,NULL,NULL,NULL,NULL,NULL,NULL,'\0',NULL,NULL,NULL,NULL),(578,4,66,13,'a68afce32e6b1f57a6c8d10da24f1516','LAND','TAW-IgZ-IggyZ',1,91,43291,'Ka-50',NULL,NULL,NULL,NULL,NULL,NULL,NULL,NULL,'\0',NULL,NULL,NULL,NULL),(579,4,66,14,'a68afce32e6b1f57a6c8d10da24f1516','TAKEOFF','TAW-IgZ-IggyZ',1,108,43308,'Ka-50','Beslan',NULL,NULL,NULL,NULL,NULL,NULL,NULL,'\0',NULL,NULL,NULL,NULL),(580,4,66,14,'a68afce32e6b1f57a6c8d10da24f1516','SHOOTING_START','TAW-IgZ-IggyZ',1,111,43311,'Ka-50',NULL,'Cannon','CANNON',NULL,NULL,NULL,NULL,NULL,'\0',NULL,NULL,NULL,NULL),(581,4,66,14,'a68afce32e6b1f57a6c8d10da24f1516','HIT','TAW-IgZ-IggyZ',1,111,43311,'Ka-50',NULL,'30mm HE','ROCKET','SLC Infantry 1#001-07','Paratrooper RPG-16','INFANTRY','HELICOPTER',1,'\0',NULL,NULL,NULL,NULL),(582,4,66,14,'a68afce32e6b1f57a6c8d10da24f1516','HIT','TAW-IgZ-IggyZ',1,111,43311,'Ka-50',NULL,'30mm HE','ROCKET','SLC Infantry 1#001-02','Infantry AK','INFANTRY','HELICOPTER',1,'\0',NULL,NULL,NULL,NULL),(583,4,66,14,'a68afce32e6b1f57a6c8d10da24f1516','HIT','TAW-IgZ-IggyZ',1,111,43311,'Ka-50',NULL,'30mm HE','ROCKET','SLC Infantry 1#001-02','Infantry AK','INFANTRY','HELICOPTER',1,'\0',NULL,NULL,NULL,NULL),(584,4,66,14,'a68afce32e6b1f57a6c8d10da24f1516','HIT','TAW-IgZ-IggyZ',1,111,43311,'Ka-50',NULL,'30mm HE','ROCKET','SLC Infantry 1#001-04','Infantry AK','INFANTRY','HELICOPTER',1,'\0',NULL,NULL,NULL,NULL),(585,4,66,14,'a68afce32e6b1f57a6c8d10da24f1516','HIT','TAW-IgZ-IggyZ',1,111,43311,'Ka-50',NULL,'30mm HE','ROCKET','SLC Infantry 1#001-10','Infantry AK','INFANTRY','HELICOPTER',1,'\0',NULL,NULL,NULL,NULL),(586,4,66,14,'a68afce32e6b1f57a6c8d10da24f1516','HIT','TAW-IgZ-IggyZ',1,111,43311,'Ka-50',NULL,'30mm HE','ROCKET','SLC Infantry 1#001-04','Infantry AK','INFANTRY','HELICOPTER',1,'\0',NULL,NULL,NULL,NULL),(587,4,66,14,'a68afce32e6b1f57a6c8d10da24f1516','HIT','TAW-IgZ-IggyZ',1,111,43311,'Ka-50',NULL,'30mm HE','ROCKET','SLC Infantry 1#001-08','Paratrooper RPG-16','INFANTRY','HELICOPTER',1,'\0',NULL,NULL,NULL,NULL),(588,4,66,14,'a68afce32e6b1f57a6c8d10da24f1516','HIT','TAW-IgZ-IggyZ',1,111,43311,'Ka-50',NULL,'30mm HE','ROCKET','SLC Infantry 1#001-10','Infantry AK','INFANTRY','HELICOPTER',1,'\0',NULL,NULL,NULL,NULL),(589,4,66,14,'a68afce32e6b1f57a6c8d10da24f1516','HIT','TAW-IgZ-IggyZ',1,111,43311,'Ka-50',NULL,'30mm HE','ROCKET','SLC Infantry 1#001-09','Infantry AK','INFANTRY','HELICOPTER',1,'\0',NULL,NULL,NULL,NULL),(590,4,66,14,'a68afce32e6b1f57a6c8d10da24f1516','HIT','TAW-IgZ-IggyZ',1,112,43312,'Ka-50',NULL,'30mm HE','ROCKET','SLC Infantry 1#001-09','Infantry AK','INFANTRY','HELICOPTER',1,'\0',NULL,NULL,NULL,NULL),(591,4,66,14,'a68afce32e6b1f57a6c8d10da24f1516','SHOOTING_END','TAW-IgZ-IggyZ',1,112,43312,'Ka-50',NULL,'Cannon','CANNON',NULL,NULL,NULL,NULL,NULL,'\0',NULL,NULL,NULL,NULL),(592,4,66,NULL,NULL,'DEAD','AI',1,113,43313,'Paratrooper RPG-16',NULL,NULL,NULL,'SLC Infantry 1#001-07','Paratrooper RPG-16','INFANTRY','HELICOPTER',1,'\0',NULL,NULL,NULL,NULL),(593,4,66,NULL,NULL,'DEAD','AI',1,113,43313,'Paratrooper RPG-16',NULL,NULL,NULL,'SLC Infantry 1#001-08','Paratrooper RPG-16','INFANTRY','HELICOPTER',1,'\0',NULL,NULL,NULL,NULL),(594,4,66,NULL,NULL,'DEAD','AI',1,114,43314,'Infantry AK',NULL,NULL,NULL,'SLC Infantry 1#001-02','Infantry AK','INFANTRY','HELICOPTER',1,'\0',NULL,NULL,NULL,NULL),(595,4,66,NULL,NULL,'DEAD','AI',1,114,43314,'Infantry AK',NULL,NULL,NULL,'SLC Infantry 1#001-10','Infantry AK','INFANTRY','HELICOPTER',1,'\0',NULL,NULL,NULL,NULL),(596,4,66,NULL,NULL,'DEAD','AI',1,114,43314,'Infantry AK',NULL,NULL,NULL,'SLC Infantry 1#001-04','Infantry AK','INFANTRY','HELICOPTER',1,'\0',NULL,NULL,NULL,NULL),(597,4,66,14,'a68afce32e6b1f57a6c8d10da24f1516','SHOOTING_START','TAW-IgZ-IggyZ',1,115,43315,'Ka-50',NULL,'Cannon','CANNON',NULL,NULL,NULL,NULL,NULL,'\0',NULL,NULL,NULL,NULL),(598,4,66,14,'a68afce32e6b1f57a6c8d10da24f1516','HIT','TAW-IgZ-IggyZ',1,115,43315,'Ka-50',NULL,'30mm HE','ROCKET','SLC Infantry 1#001-01','Infantry AK','INFANTRY','HELICOPTER',1,'\0',NULL,NULL,NULL,NULL),(599,4,66,14,'a68afce32e6b1f57a6c8d10da24f1516','HIT','TAW-IgZ-IggyZ',1,115,43315,'Ka-50',NULL,'30mm HE','ROCKET','SLC Infantry 1#001-05','Infantry AK','INFANTRY','HELICOPTER',1,'\0',NULL,NULL,NULL,NULL),(600,4,66,14,'a68afce32e6b1f57a6c8d10da24f1516','HIT','TAW-IgZ-IggyZ',1,115,43315,'Ka-50',NULL,'30mm HE','ROCKET','SLC Infantry 1#001-05','Infantry AK','INFANTRY','HELICOPTER',1,'\0',NULL,NULL,NULL,NULL),(601,4,66,14,'a68afce32e6b1f57a6c8d10da24f1516','HIT','TAW-IgZ-IggyZ',1,115,43315,'Ka-50',NULL,'30mm HE','ROCKET','SLC Infantry 1#001-09','Infantry AK','INFANTRY','HELICOPTER',1,'\0',NULL,NULL,NULL,NULL),(602,4,66,14,'a68afce32e6b1f57a6c8d10da24f1516','SHOOTING_END','TAW-IgZ-IggyZ',1,116,43316,'Ka-50',NULL,'Cannon','CANNON',NULL,NULL,NULL,NULL,NULL,'\0',NULL,NULL,NULL,NULL),(603,4,66,14,'a68afce32e6b1f57a6c8d10da24f1516','SHOOTING_START','TAW-IgZ-IggyZ',1,116,43316,'Ka-50',NULL,'Cannon','CANNON',NULL,NULL,NULL,NULL,NULL,'\0',NULL,NULL,NULL,NULL),(604,4,66,14,'a68afce32e6b1f57a6c8d10da24f1516','SHOOTING_END','TAW-IgZ-IggyZ',1,117,43317,'Ka-50',NULL,'Cannon','CANNON',NULL,NULL,NULL,NULL,NULL,'\0',NULL,NULL,NULL,NULL),(605,4,66,NULL,NULL,'DEAD','AI',1,118,43318,'Infantry AK',NULL,NULL,NULL,'SLC Infantry 1#001-01','Infantry AK','INFANTRY','HELICOPTER',1,'\0',NULL,NULL,NULL,NULL),(606,4,66,NULL,NULL,'DEAD','AI',1,118,43318,'Infantry AK',NULL,NULL,NULL,'SLC Infantry 1#001-05','Infantry AK','INFANTRY','HELICOPTER',1,'\0',NULL,NULL,NULL,NULL),(607,4,66,NULL,NULL,'DEAD','AI',1,118,43318,'Infantry AK',NULL,NULL,NULL,'SLC Infantry 1#001-09','Infantry AK','INFANTRY','HELICOPTER',1,'\0',NULL,NULL,NULL,NULL),(608,4,66,NULL,NULL,'CRASH','AI',1,215,215,'Infantry AK',NULL,NULL,NULL,'SLC Infantry 1#001-03','Infantry AK','INFANTRY','HELICOPTER',1,'\0',NULL,NULL,NULL,NULL),(609,4,66,NULL,NULL,'CRASH','AI',1,215,215,'Infantry AK',NULL,NULL,NULL,'SLC Infantry 1#001-06','Infantry AK','INFANTRY','HELICOPTER',1,'\0',NULL,NULL,NULL,NULL),(610,4,66,14,'a68afce32e6b1f57a6c8d10da24f1516','LAND','TAW-IgZ-IggyZ',1,381,43581,'Ka-50',NULL,NULL,NULL,NULL,NULL,NULL,NULL,NULL,'\0',NULL,NULL,NULL,NULL),(611,4,67,15,'a68afce32e6b1f57a6c8d10da24f1516','TAKEOFF','Igneous01',1,86,43286,'Ka-50','Beslan',NULL,NULL,NULL,NULL,NULL,NULL,NULL,'\0',NULL,NULL,NULL,NULL),(612,4,67,15,'a68afce32e6b1f57a6c8d10da24f1516','SHOT','Igneous01',1,186,43386,'Ka-50',NULL,'Vikhr M','ROCKET',NULL,NULL,NULL,NULL,NULL,'\0',NULL,NULL,NULL,NULL),(613,4,67,15,'a68afce32e6b1f57a6c8d10da24f1516','SHOT','Igneous01',1,208,43408,'Ka-50',NULL,'Vikhr M','ROCKET',NULL,NULL,NULL,NULL,NULL,'\0',NULL,NULL,NULL,NULL),(614,4,67,15,'a68afce32e6b1f57a6c8d10da24f1516','SHOT','Igneous01',1,227,43427,'Ka-50',NULL,'Vikhr M','ROCKET',NULL,NULL,NULL,NULL,NULL,'\0',NULL,NULL,NULL,NULL),(615,4,67,15,'a68afce32e6b1f57a6c8d10da24f1516','HIT','Igneous01',1,237,43437,'Ka-50',NULL,'Vikhr M','ROCKET','InsTankPlt17#001-01','T-55','TANK','HELICOPTER',2,'\0',NULL,NULL,NULL,NULL),(616,4,67,NULL,NULL,'DEAD','AI',2,248,43448,'T-55',NULL,NULL,NULL,'InsTankPlt17#001-01','T-55','TANK','HELICOPTER',2,'\0',NULL,NULL,NULL,NULL),(617,4,67,15,'a68afce32e6b1f57a6c8d10da24f1516','SHOT','Igneous01',1,271,43471,'Ka-50',NULL,'Vikhr M','ROCKET',NULL,NULL,NULL,NULL,NULL,'\0',NULL,NULL,NULL,NULL),(618,4,67,15,'a68afce32e6b1f57a6c8d10da24f1516','HIT','Igneous01',1,281,43481,'Ka-50',NULL,'Vikhr M','ROCKET','InsTankPlt17#001-03','T-55','TANK','HELICOPTER',2,'\0',NULL,NULL,NULL,NULL),(619,4,67,15,'a68afce32e6b1f57a6c8d10da24f1516','SHOT','Igneous01',1,314,43514,'Ka-50',NULL,'Vikhr M','ROCKET',NULL,NULL,NULL,NULL,NULL,'\0',NULL,NULL,NULL,NULL),(620,4,67,15,'a68afce32e6b1f57a6c8d10da24f1516','HIT','Igneous01',1,324,43524,'Ka-50',NULL,'Vikhr M','ROCKET','InsTankPlt17#001-04','T-55','TANK','HELICOPTER',2,'\0',NULL,NULL,NULL,NULL),(621,4,67,NULL,NULL,'DEAD','AI',2,330,43530,'T-55',NULL,NULL,NULL,'InsTankPlt17#001-03','T-55','TANK','HELICOPTER',2,'\0',NULL,NULL,NULL,NULL),(622,4,67,15,'a68afce32e6b1f57a6c8d10da24f1516','SHOT','Igneous01',1,338,43538,'Ka-50',NULL,'Vikhr M','ROCKET',NULL,NULL,NULL,NULL,NULL,'\0',NULL,NULL,NULL,NULL),(623,4,67,15,'a68afce32e6b1f57a6c8d10da24f1516','HIT','Igneous01',1,348,43548,'Ka-50',NULL,'Vikhr M','ROCKET','InsTankPlt17#001-02','T-55','TANK','HELICOPTER',2,'\0',NULL,NULL,NULL,NULL),(624,4,67,NULL,NULL,'DEAD','AI',2,352,43552,'T-55',NULL,NULL,NULL,'InsTankPlt17#001-04','T-55','TANK','HELICOPTER',2,'\0',NULL,NULL,NULL,NULL),(625,4,67,NULL,NULL,'DEAD','AI',2,369,43569,'T-55',NULL,NULL,NULL,'InsTankPlt17#001-02','T-55','TANK','HELICOPTER',2,'\0',NULL,NULL,NULL,NULL),(626,4,67,15,'a68afce32e6b1f57a6c8d10da24f1516','SHOT','Igneous01',1,397,43597,'Ka-50',NULL,'Vikhr M','ROCKET',NULL,NULL,NULL,NULL,NULL,'\0',NULL,NULL,NULL,NULL),(627,4,67,15,'a68afce32e6b1f57a6c8d10da24f1516','HIT','Igneous01',1,408,43608,'Ka-50',NULL,'Vikhr M','ROCKET','Unit #062','T-55','TANK','HELICOPTER',2,'\0',NULL,NULL,NULL,NULL),(628,4,67,NULL,NULL,'DEAD','AI',2,468,43668,'T-55',NULL,NULL,NULL,'Unit #062','T-55','TANK','HELICOPTER',2,'\0',NULL,NULL,NULL,NULL),(629,4,67,15,'a68afce32e6b1f57a6c8d10da24f1516','SHOOTING_START','Igneous01',1,470,43670,'Ka-50',NULL,'Cannon','CANNON','Unit #063','BTR-80','APC','HELICOPTER',2,'\0',NULL,NULL,NULL,NULL),(630,4,67,15,'a68afce32e6b1f57a6c8d10da24f1516','SHOOTING_END','Igneous01',1,470,43670,'Ka-50',NULL,'Cannon','CANNON',NULL,NULL,NULL,NULL,NULL,'\0',NULL,NULL,NULL,NULL),(631,4,67,15,'a68afce32e6b1f57a6c8d10da24f1516','SHOOTING_START','Igneous01',1,474,43674,'Ka-50',NULL,'Cannon','CANNON','Unit #063','BTR-80','APC','HELICOPTER',2,'\0',NULL,NULL,NULL,NULL),(632,4,67,15,'a68afce32e6b1f57a6c8d10da24f1516','SHOOTING_END','Igneous01',1,474,43674,'Ka-50',NULL,'Cannon','CANNON',NULL,NULL,NULL,NULL,NULL,'\0',NULL,NULL,NULL,NULL),(633,4,67,15,'a68afce32e6b1f57a6c8d10da24f1516','SHOOTING_START','Igneous01',1,479,43679,'Ka-50',NULL,'Cannon','CANNON','Unit #063','BTR-80','APC','HELICOPTER',2,'\0',NULL,NULL,NULL,NULL),(634,4,67,15,'a68afce32e6b1f57a6c8d10da24f1516','SHOOTING_END','Igneous01',1,479,43679,'Ka-50',NULL,'Cannon','CANNON',NULL,NULL,NULL,NULL,NULL,'\0',NULL,NULL,NULL,NULL),(635,4,67,15,'a68afce32e6b1f57a6c8d10da24f1516','SHOOTING_START','Igneous01',1,484,43684,'Ka-50',NULL,'Cannon','CANNON','Unit #063','BTR-80','APC','HELICOPTER',2,'\0',NULL,NULL,NULL,NULL),(636,4,67,15,'a68afce32e6b1f57a6c8d10da24f1516','SHOOTING_END','Igneous01',1,485,43685,'Ka-50',NULL,'Cannon','CANNON',NULL,NULL,NULL,NULL,NULL,'\0',NULL,NULL,NULL,NULL),(637,4,67,15,'a68afce32e6b1f57a6c8d10da24f1516','SHOOTING_START','Igneous01',1,488,43688,'Ka-50',NULL,'Cannon','CANNON','Unit #063','BTR-80','APC','HELICOPTER',2,'\0',NULL,NULL,NULL,NULL),(638,4,67,15,'a68afce32e6b1f57a6c8d10da24f1516','SHOOTING_END','Igneous01',1,489,43689,'Ka-50',NULL,'Cannon','CANNON',NULL,NULL,NULL,NULL,NULL,'\0',NULL,NULL,NULL,NULL),(639,4,67,15,'a68afce32e6b1f57a6c8d10da24f1516','SHOOTING_START','Igneous01',1,492,43692,'Ka-50',NULL,'Cannon','CANNON','Unit #063','BTR-80','APC','HELICOPTER',2,'\0',NULL,NULL,NULL,NULL),(640,4,67,15,'a68afce32e6b1f57a6c8d10da24f1516','SHOOTING_END','Igneous01',1,493,43693,'Ka-50',NULL,'Cannon','CANNON',NULL,NULL,NULL,NULL,NULL,'\0',NULL,NULL,NULL,NULL),(641,4,67,15,'a68afce32e6b1f57a6c8d10da24f1516','SHOOTING_START','Igneous01',1,494,43694,'Ka-50',NULL,'Cannon','CANNON','Unit #063','BTR-80','APC','HELICOPTER',2,'\0',NULL,NULL,NULL,NULL),(642,4,67,15,'a68afce32e6b1f57a6c8d10da24f1516','SHOOTING_END','Igneous01',1,495,43695,'Ka-50',NULL,'Cannon','CANNON',NULL,NULL,NULL,NULL,NULL,'\0',NULL,NULL,NULL,NULL),(643,4,67,15,'a68afce32e6b1f57a6c8d10da24f1516','SHOOTING_START','Igneous01',1,497,43697,'Ka-50',NULL,'Cannon','CANNON','Unit #063','BTR-80','APC','HELICOPTER',2,'\0',NULL,NULL,NULL,NULL),(644,4,67,15,'a68afce32e6b1f57a6c8d10da24f1516','SHOOTING_END','Igneous01',1,498,43698,'Ka-50',NULL,'Cannon','CANNON',NULL,NULL,NULL,NULL,NULL,'\0',NULL,NULL,NULL,NULL),(645,4,67,15,'a68afce32e6b1f57a6c8d10da24f1516','SHOOTING_START','Igneous01',1,502,43702,'Ka-50',NULL,'Cannon','CANNON','Unit #063','BTR-80','APC','HELICOPTER',2,'\0',NULL,NULL,NULL,NULL),(646,4,67,15,'a68afce32e6b1f57a6c8d10da24f1516','SHOOTING_END','Igneous01',1,503,43703,'Ka-50',NULL,'Cannon','CANNON',NULL,NULL,NULL,NULL,NULL,'\0',NULL,NULL,NULL,NULL),(647,4,67,15,'a68afce32e6b1f57a6c8d10da24f1516','SHOOTING_START','Igneous01',1,505,43705,'Ka-50',NULL,'Cannon','CANNON','Unit #063','BTR-80','APC','HELICOPTER',2,'\0',NULL,NULL,NULL,NULL),(648,4,67,15,'a68afce32e6b1f57a6c8d10da24f1516','HIT','Igneous01',1,505,43705,'Ka-50',NULL,'30mm AP','ROCKET','Unit #063','BTR-80','APC','HELICOPTER',2,'\0',NULL,NULL,NULL,NULL),(649,4,67,15,'a68afce32e6b1f57a6c8d10da24f1516','SHOOTING_END','Igneous01',1,506,43706,'Ka-50',NULL,'Cannon','CANNON',NULL,NULL,NULL,NULL,NULL,'\0',NULL,NULL,NULL,NULL),(650,4,67,15,'a68afce32e6b1f57a6c8d10da24f1516','HIT','Igneous01',1,508,43708,'Ka-50',NULL,'30mm AP','ROCKET','Unit #063','BTR-80','APC','HELICOPTER',2,'\0',NULL,NULL,NULL,NULL),(651,4,67,15,'a68afce32e6b1f57a6c8d10da24f1516','SHOOTING_START','Igneous01',1,508,43708,'Ka-50',NULL,'Cannon','CANNON','Unit #063','BTR-80','APC','HELICOPTER',2,'\0',NULL,NULL,NULL,NULL),(652,4,67,15,'a68afce32e6b1f57a6c8d10da24f1516','HIT','Igneous01',1,509,43709,'Ka-50',NULL,'30mm AP','ROCKET','Unit #063','BTR-80','APC','HELICOPTER',2,'\0',NULL,NULL,NULL,NULL),(653,4,67,15,'a68afce32e6b1f57a6c8d10da24f1516','SHOOTING_END','Igneous01',1,509,43709,'Ka-50',NULL,'Cannon','CANNON',NULL,NULL,NULL,NULL,NULL,'\0',NULL,NULL,NULL,NULL),(654,4,67,15,'a68afce32e6b1f57a6c8d10da24f1516','SHOOTING_START','Igneous01',1,510,43710,'Ka-50',NULL,'Cannon','CANNON','Unit #063','BTR-80','APC','HELICOPTER',2,'\0',NULL,NULL,NULL,NULL),(655,4,67,15,'a68afce32e6b1f57a6c8d10da24f1516','SHOOTING_END','Igneous01',1,511,43711,'Ka-50',NULL,'Cannon','CANNON',NULL,NULL,NULL,NULL,NULL,'\0',NULL,NULL,NULL,NULL),(656,4,67,15,'a68afce32e6b1f57a6c8d10da24f1516','HIT','Igneous01',1,511,43711,'Ka-50',NULL,'30mm AP','ROCKET','Unit #063','BTR-80','APC','HELICOPTER',2,'\0',NULL,NULL,NULL,NULL),(657,4,67,15,'a68afce32e6b1f57a6c8d10da24f1516','SHOOTING_START','Igneous01',1,513,43713,'Ka-50',NULL,'Cannon','CANNON','Unit #063','BTR-80','APC','HELICOPTER',2,'\0',NULL,NULL,NULL,NULL),(658,4,67,15,'a68afce32e6b1f57a6c8d10da24f1516','SHOOTING_END','Igneous01',1,513,43713,'Ka-50',NULL,'Cannon','CANNON',NULL,NULL,NULL,NULL,NULL,'\0',NULL,NULL,NULL,NULL),(659,4,67,15,'a68afce32e6b1f57a6c8d10da24f1516','SHOOTING_START','Igneous01',1,514,43714,'Ka-50',NULL,'Cannon','CANNON','Unit #063','BTR-80','APC','HELICOPTER',2,'\0',NULL,NULL,NULL,NULL),(660,4,67,15,'a68afce32e6b1f57a6c8d10da24f1516','SHOOTING_END','Igneous01',1,515,43715,'Ka-50',NULL,'Cannon','CANNON',NULL,NULL,NULL,NULL,NULL,'\0',NULL,NULL,NULL,NULL),(661,4,67,15,'a68afce32e6b1f57a6c8d10da24f1516','SHOOTING_START','Igneous01',1,517,43717,'Ka-50',NULL,'Cannon','CANNON','Unit #063','BTR-80','APC','HELICOPTER',2,'\0',NULL,NULL,NULL,NULL),(662,4,67,15,'a68afce32e6b1f57a6c8d10da24f1516','SHOOTING_END','Igneous01',1,518,43718,'Ka-50',NULL,'Cannon','CANNON',NULL,NULL,NULL,NULL,NULL,'\0',NULL,NULL,NULL,NULL),(663,4,67,NULL,NULL,'DEAD','AI',2,520,43720,'BTR-80',NULL,NULL,NULL,'Unit #063','BTR-80','APC','HELICOPTER',2,'\0',NULL,NULL,NULL,NULL),(664,4,67,15,'a68afce32e6b1f57a6c8d10da24f1516','SHOOTING_START','Igneous01',1,522,43722,'Ka-50',NULL,'Cannon','CANNON',NULL,NULL,NULL,NULL,NULL,'\0',NULL,NULL,NULL,NULL),(665,4,67,15,'a68afce32e6b1f57a6c8d10da24f1516','SHOOTING_END','Igneous01',1,524,43724,'Ka-50',NULL,'Cannon','CANNON',NULL,NULL,NULL,NULL,NULL,'\0',NULL,NULL,NULL,NULL),(666,4,67,15,'a68afce32e6b1f57a6c8d10da24f1516','HIT','Igneous01',1,525,43725,'Ka-50',NULL,'30mm HE','ROCKET','Unit #064','Infantry AK Ins','INFANTRY','HELICOPTER',2,'\0',NULL,NULL,NULL,NULL),(667,4,67,NULL,NULL,'DEAD','AI',2,527,43727,'Infantry AK Ins',NULL,NULL,NULL,'Unit #064','Infantry AK Ins','INFANTRY','HELICOPTER',2,'\0',NULL,NULL,NULL,NULL),(668,4,67,15,'a68afce32e6b1f57a6c8d10da24f1516','SHOOTING_START','Igneous01',1,528,43728,'Ka-50',NULL,'Cannon','CANNON',NULL,NULL,NULL,NULL,NULL,'\0',NULL,NULL,NULL,NULL),(669,4,67,15,'a68afce32e6b1f57a6c8d10da24f1516','SHOOTING_END','Igneous01',1,529,43729,'Ka-50',NULL,'Cannon','CANNON',NULL,NULL,NULL,NULL,NULL,'\0',NULL,NULL,NULL,NULL),(670,4,67,15,'a68afce32e6b1f57a6c8d10da24f1516','HIT','Igneous01',1,529,43729,'Ka-50',NULL,'30mm HE','ROCKET','Unit #065','Soldier RPG','INFANTRY','HELICOPTER',2,'\0',NULL,NULL,NULL,NULL),(671,4,67,15,'a68afce32e6b1f57a6c8d10da24f1516','HIT','Igneous01',1,530,43730,'Ka-50',NULL,'30mm HE','ROCKET','Unit #065','Soldier RPG','INFANTRY','HELICOPTER',2,'\0',NULL,NULL,NULL,NULL),(672,4,67,15,'a68afce32e6b1f57a6c8d10da24f1516','SHOOTING_START','Igneous01',1,531,43731,'Ka-50',NULL,'Cannon','CANNON',NULL,NULL,NULL,NULL,NULL,'\0',NULL,NULL,NULL,NULL),(673,4,67,15,'a68afce32e6b1f57a6c8d10da24f1516','SHOOTING_END','Igneous01',1,532,43732,'Ka-50',NULL,'Cannon','CANNON',NULL,NULL,NULL,NULL,NULL,'\0',NULL,NULL,NULL,NULL),(674,4,67,15,'a68afce32e6b1f57a6c8d10da24f1516','HIT','Igneous01',1,533,43733,'Ka-50',NULL,'30mm HE','ROCKET','Unit #066','2B11 mortar','ARTILLERY','HELICOPTER',2,'\0',NULL,NULL,NULL,NULL),(675,4,67,15,'a68afce32e6b1f57a6c8d10da24f1516','SHOOTING_START','Igneous01',1,535,43735,'Ka-50',NULL,'Cannon','CANNON',NULL,NULL,NULL,NULL,NULL,'\0',NULL,NULL,NULL,NULL),(676,4,67,15,'a68afce32e6b1f57a6c8d10da24f1516','SHOOTING_END','Igneous01',1,536,43736,'Ka-50',NULL,'Cannon','CANNON',NULL,NULL,NULL,NULL,NULL,'\0',NULL,NULL,NULL,NULL),(677,4,67,NULL,NULL,'DEAD','AI',2,537,43737,'2B11 mortar',NULL,NULL,NULL,'Unit #066','2B11 mortar','ARTILLERY','HELICOPTER',2,'\0',NULL,NULL,NULL,NULL),(678,4,67,15,'a68afce32e6b1f57a6c8d10da24f1516','SHOOTING_START','Igneous01',1,538,43738,'Ka-50',NULL,'Cannon','CANNON',NULL,NULL,NULL,NULL,NULL,'\0',NULL,NULL,NULL,NULL),(679,4,67,15,'a68afce32e6b1f57a6c8d10da24f1516','SHOOTING_END','Igneous01',1,538,43738,'Ka-50',NULL,'Cannon','CANNON',NULL,NULL,NULL,NULL,NULL,'\0',NULL,NULL,NULL,NULL),(680,4,67,15,'a68afce32e6b1f57a6c8d10da24f1516','SHOOTING_START','Igneous01',1,545,43745,'Ka-50',NULL,'Cannon','CANNON',NULL,NULL,NULL,NULL,NULL,'\0',NULL,NULL,NULL,NULL),(681,4,67,15,'a68afce32e6b1f57a6c8d10da24f1516','SHOOTING_END','Igneous01',1,546,43746,'Ka-50',NULL,'Cannon','CANNON',NULL,NULL,NULL,NULL,NULL,'\0',NULL,NULL,NULL,NULL),(682,4,67,NULL,NULL,'DEAD','AI',2,570,43770,'Soldier RPG',NULL,NULL,NULL,'Unit #065','Soldier RPG','INFANTRY','HELICOPTER',2,'\0',NULL,NULL,NULL,NULL),(683,4,67,15,'a68afce32e6b1f57a6c8d10da24f1516','SHOOTING_START','Igneous01',1,725,43925,'Ka-50',NULL,'Cannon','CANNON',NULL,NULL,NULL,NULL,NULL,'\0',NULL,NULL,NULL,NULL),(684,4,67,15,'a68afce32e6b1f57a6c8d10da24f1516','SHOOTING_END','Igneous01',1,726,43926,'Ka-50',NULL,'Cannon','CANNON',NULL,NULL,NULL,NULL,NULL,'\0',NULL,NULL,NULL,NULL),(685,4,67,15,'a68afce32e6b1f57a6c8d10da24f1516','SHOOTING_START','Igneous01',1,728,43928,'Ka-50',NULL,'Cannon','CANNON',NULL,NULL,NULL,NULL,NULL,'\0',NULL,NULL,NULL,NULL),(686,4,67,15,'a68afce32e6b1f57a6c8d10da24f1516','SHOOTING_END','Igneous01',1,728,43928,'Ka-50',NULL,'Cannon','CANNON',NULL,NULL,NULL,NULL,NULL,'\0',NULL,NULL,NULL,NULL),(687,4,67,15,'a68afce32e6b1f57a6c8d10da24f1516','SHOOTING_START','Igneous01',1,729,43929,'Ka-50',NULL,'Cannon','CANNON',NULL,NULL,NULL,NULL,NULL,'\0',NULL,NULL,NULL,NULL),(688,4,67,15,'a68afce32e6b1f57a6c8d10da24f1516','SHOOTING_END','Igneous01',1,729,43929,'Ka-50',NULL,'Cannon','CANNON',NULL,NULL,NULL,NULL,NULL,'\0',NULL,NULL,NULL,NULL),(689,4,67,15,'a68afce32e6b1f57a6c8d10da24f1516','SHOOTING_START','Igneous01',1,730,43930,'Ka-50',NULL,'Cannon','CANNON',NULL,NULL,NULL,NULL,NULL,'\0',NULL,NULL,NULL,NULL),(690,4,67,15,'a68afce32e6b1f57a6c8d10da24f1516','SHOOTING_END','Igneous01',1,731,43931,'Ka-50',NULL,'Cannon','CANNON',NULL,NULL,NULL,NULL,NULL,'\0',NULL,NULL,NULL,NULL),(691,4,67,15,'a68afce32e6b1f57a6c8d10da24f1516','SHOOTING_START','Igneous01',1,731,43931,'Ka-50',NULL,'Cannon','CANNON',NULL,NULL,NULL,NULL,NULL,'\0',NULL,NULL,NULL,NULL),(692,4,67,15,'a68afce32e6b1f57a6c8d10da24f1516','SHOOTING_END','Igneous01',1,732,43932,'Ka-50',NULL,'Cannon','CANNON',NULL,NULL,NULL,NULL,NULL,'\0',NULL,NULL,NULL,NULL),(693,4,67,15,'a68afce32e6b1f57a6c8d10da24f1516','SHOOTING_START','Igneous01',1,734,43934,'Ka-50',NULL,'Cannon','CANNON',NULL,NULL,NULL,NULL,NULL,'\0',NULL,NULL,NULL,NULL),(694,4,67,15,'a68afce32e6b1f57a6c8d10da24f1516','SHOOTING_END','Igneous01',1,734,43934,'Ka-50',NULL,'Cannon','CANNON',NULL,NULL,NULL,NULL,NULL,'\0',NULL,NULL,NULL,NULL),(695,4,67,15,'a68afce32e6b1f57a6c8d10da24f1516','SHOOTING_START','Igneous01',1,735,43935,'Ka-50',NULL,'Cannon','CANNON',NULL,NULL,NULL,NULL,NULL,'\0',NULL,NULL,NULL,NULL),(696,4,67,15,'a68afce32e6b1f57a6c8d10da24f1516','SHOOTING_END','Igneous01',1,735,43935,'Ka-50',NULL,'Cannon','CANNON',NULL,NULL,NULL,NULL,NULL,'\0',NULL,NULL,NULL,NULL),(697,4,67,15,'a68afce32e6b1f57a6c8d10da24f1516','SHOOTING_START','Igneous01',1,736,43936,'Ka-50',NULL,'Cannon','CANNON',NULL,NULL,NULL,NULL,NULL,'\0',NULL,NULL,NULL,NULL),(698,4,67,15,'a68afce32e6b1f57a6c8d10da24f1516','SHOOTING_END','Igneous01',1,737,43937,'Ka-50',NULL,'Cannon','CANNON',NULL,NULL,NULL,NULL,NULL,'\0',NULL,NULL,NULL,NULL),(699,4,67,15,'a68afce32e6b1f57a6c8d10da24f1516','SHOOTING_START','Igneous01',1,738,43938,'Ka-50',NULL,'Cannon','CANNON',NULL,NULL,NULL,NULL,NULL,'\0',NULL,NULL,NULL,NULL),(700,4,67,15,'a68afce32e6b1f57a6c8d10da24f1516','SHOOTING_END','Igneous01',1,739,43939,'Ka-50',NULL,'Cannon','CANNON',NULL,NULL,NULL,NULL,NULL,'\0',NULL,NULL,NULL,NULL),(701,4,67,15,'a68afce32e6b1f57a6c8d10da24f1516','SHOOTING_START','Igneous01',1,739,43939,'Ka-50',NULL,'Cannon','CANNON',NULL,NULL,NULL,NULL,NULL,'\0',NULL,NULL,NULL,NULL),(702,4,67,15,'a68afce32e6b1f57a6c8d10da24f1516','HIT','Igneous01',1,740,43940,'Ka-50',NULL,'30mm AP','ROCKET','InsTankPlt16#001-04','T-55','TANK','HELICOPTER',2,'\0',NULL,NULL,NULL,NULL),(703,4,67,15,'a68afce32e6b1f57a6c8d10da24f1516','HIT','Igneous01',1,740,43940,'Ka-50',NULL,'30mm AP','ROCKET','InsTankPlt16#001-04','T-55','TANK','HELICOPTER',2,'\0',NULL,NULL,NULL,NULL),(704,4,67,15,'a68afce32e6b1f57a6c8d10da24f1516','HIT','Igneous01',1,740,43940,'Ka-50',NULL,'30mm AP','ROCKET','InsTankPlt16#001-04','T-55','TANK','HELICOPTER',2,'\0',NULL,NULL,NULL,NULL),(705,4,67,15,'a68afce32e6b1f57a6c8d10da24f1516','HIT','Igneous01',1,740,43940,'Ka-50',NULL,'30mm AP','ROCKET','InsTankPlt16#001-04','T-55','TANK','HELICOPTER',2,'\0',NULL,NULL,NULL,NULL),(706,4,67,15,'a68afce32e6b1f57a6c8d10da24f1516','HIT','Igneous01',1,741,43941,'Ka-50',NULL,'30mm AP','ROCKET','InsTankPlt16#001-04','T-55','TANK','HELICOPTER',2,'\0',NULL,NULL,NULL,NULL),(707,4,67,15,'a68afce32e6b1f57a6c8d10da24f1516','HIT','Igneous01',1,741,43941,'Ka-50',NULL,'30mm AP','ROCKET','InsTankPlt16#001-04','T-55','TANK','HELICOPTER',2,'\0',NULL,NULL,NULL,NULL),(708,4,67,15,'a68afce32e6b1f57a6c8d10da24f1516','SHOOTING_END','Igneous01',1,741,43941,'Ka-50',NULL,'Cannon','CANNON',NULL,NULL,NULL,NULL,NULL,'\0',NULL,NULL,NULL,NULL),(709,4,67,15,'a68afce32e6b1f57a6c8d10da24f1516','SHOOTING_START','Igneous01',1,742,43942,'Ka-50',NULL,'Cannon','CANNON',NULL,NULL,NULL,NULL,NULL,'\0',NULL,NULL,NULL,NULL),(710,4,67,15,'a68afce32e6b1f57a6c8d10da24f1516','SHOOTING_END','Igneous01',1,743,43943,'Ka-50',NULL,'Cannon','CANNON',NULL,NULL,NULL,NULL,NULL,'\0',NULL,NULL,NULL,NULL),(711,4,67,15,'a68afce32e6b1f57a6c8d10da24f1516','LAND','Igneous01',1,916,44116,'Ka-50','Otkrytka',NULL,NULL,NULL,NULL,NULL,NULL,NULL,'\0',NULL,NULL,NULL,NULL),(712,4,369,16,'a68afce32e6b1f57a6c8d10da24f1516','TAKEOFF','Igneous01',1,45,43245,'Ka-50','Beslan',NULL,NULL,NULL,NULL,NULL,NULL,NULL,'\0',NULL,NULL,NULL,NULL),(713,4,369,16,'a68afce32e6b1f57a6c8d10da24f1516','LAND','Igneous01',1,91,43291,'Ka-50',NULL,NULL,NULL,NULL,NULL,NULL,NULL,NULL,'\0',NULL,NULL,NULL,NULL),(714,4,369,17,'a68afce32e6b1f57a6c8d10da24f1516','TAKEOFF','Igneous01',1,193,43393,'Ka-50','Beslan',NULL,NULL,NULL,NULL,NULL,NULL,NULL,'\0',NULL,NULL,NULL,NULL),(715,4,370,18,'a68afce32e6b1f57a6c8d10da24f1516','TAKEOFF','Igneous01',1,154,43354,'Ka-50','Beslan',NULL,NULL,NULL,NULL,NULL,NULL,NULL,'\0',NULL,NULL,NULL,NULL),(716,4,370,18,'a68afce32e6b1f57a6c8d10da24f1516','LAND','Igneous01',1,212,43412,'Ka-50',NULL,NULL,NULL,NULL,NULL,NULL,NULL,NULL,'\0',NULL,NULL,NULL,NULL),(717,4,370,19,'a68afce32e6b1f57a6c8d10da24f1516','TAKEOFF','Igneous01',1,308,43508,'Ka-50','Beslan',NULL,NULL,NULL,NULL,NULL,NULL,NULL,'\0',NULL,NULL,NULL,NULL),(718,4,370,19,'a68afce32e6b1f57a6c8d10da24f1516','PLAYER_LEAVE_UNIT','Igneous01',1,341,43541,'Ka-50',NULL,NULL,NULL,NULL,NULL,NULL,NULL,NULL,'\0',NULL,NULL,NULL,NULL),(719,4,370,19,'a68afce32e6b1f57a6c8d10da24f1516','PILOT_DEAD','Igneous01',1,341,43541,'Ka-50',NULL,NULL,NULL,NULL,NULL,NULL,NULL,NULL,'\0',NULL,NULL,NULL,NULL),(720,4,370,19,'a68afce32e6b1f57a6c8d10da24f1516','DEAD','Igneous01',1,341,43541,'Ka-50',NULL,NULL,NULL,NULL,NULL,NULL,NULL,NULL,'\0',NULL,NULL,NULL,NULL),(721,4,370,20,'a68afce32e6b1f57a6c8d10da24f1516','TAKEOFF','Igneous01',1,353,43553,'Ka-50','Beslan',NULL,NULL,NULL,NULL,NULL,NULL,NULL,'\0',NULL,NULL,NULL,NULL),(722,4,370,20,'a68afce32e6b1f57a6c8d10da24f1516','LAND','Igneous01',1,395,43595,'Ka-50',NULL,NULL,NULL,NULL,NULL,NULL,NULL,NULL,'\0',NULL,NULL,NULL,NULL),(723,4,370,21,'a68afce32e6b1f57a6c8d10da24f1516','TAKEOFF','Igneous01',1,440,43640,'Ka-50','Beslan',NULL,NULL,NULL,NULL,NULL,NULL,NULL,'\0',NULL,NULL,NULL,NULL),(724,4,370,21,'a68afce32e6b1f57a6c8d10da24f1516','LAND','Igneous01',1,444,43644,'Ka-50',NULL,NULL,NULL,NULL,NULL,NULL,NULL,NULL,'\0',NULL,NULL,NULL,NULL),(725,4,370,22,'a68afce32e6b1f57a6c8d10da24f1516','TAKEOFF','Igneous01',1,464,43664,'Ka-50','Beslan',NULL,NULL,NULL,NULL,NULL,NULL,NULL,'\0',NULL,NULL,NULL,NULL),(726,4,370,22,'a68afce32e6b1f57a6c8d10da24f1516','PLAYER_LEAVE_UNIT','Igneous01',1,471,43671,'Ka-50',NULL,NULL,NULL,NULL,NULL,NULL,NULL,NULL,'\0',NULL,NULL,NULL,NULL),(727,4,370,22,'a68afce32e6b1f57a6c8d10da24f1516','PILOT_DEAD','Igneous01',1,471,43671,'Ka-50',NULL,NULL,NULL,NULL,NULL,NULL,NULL,NULL,'\0',NULL,NULL,NULL,NULL),(728,4,370,22,'a68afce32e6b1f57a6c8d10da24f1516','DEAD','Igneous01',1,471,43671,'Ka-50',NULL,NULL,NULL,NULL,NULL,NULL,NULL,NULL,'\0',NULL,NULL,NULL,NULL),(729,4,370,23,'a68afce32e6b1f57a6c8d10da24f1516','TAKEOFF','Igneous01',1,480,43680,'Ka-50','Beslan',NULL,NULL,NULL,NULL,NULL,NULL,NULL,'\0',NULL,NULL,NULL,NULL),(730,4,370,23,'a68afce32e6b1f57a6c8d10da24f1516','LAND','Igneous01',1,520,43720,'Ka-50',NULL,NULL,NULL,NULL,NULL,NULL,NULL,NULL,'\0',NULL,NULL,NULL,NULL),(731,4,370,24,'a68afce32e6b1f57a6c8d10da24f1516','TAKEOFF','Igneous01',1,536,43736,'Ka-50','Beslan',NULL,NULL,NULL,NULL,NULL,NULL,NULL,'\0',NULL,NULL,NULL,NULL),(732,4,370,24,'a68afce32e6b1f57a6c8d10da24f1516','LAND','Igneous01',1,544,43744,'Ka-50',NULL,NULL,NULL,NULL,NULL,NULL,NULL,NULL,'\0',NULL,NULL,NULL,NULL),(733,4,370,24,'a68afce32e6b1f57a6c8d10da24f1516','PLAYER_LEAVE_UNIT','Igneous01',1,548,43748,'Ka-50',NULL,NULL,NULL,NULL,NULL,NULL,NULL,NULL,'\0',NULL,NULL,NULL,NULL),(734,4,370,25,'a68afce32e6b1f57a6c8d10da24f1516','TAKEOFF','Igneous01',1,561,43761,'Ka-50','Beslan',NULL,NULL,NULL,NULL,NULL,NULL,NULL,'\0',NULL,NULL,NULL,NULL),(735,4,370,25,'a68afce32e6b1f57a6c8d10da24f1516','LAND','Igneous01',1,594,43794,'Ka-50',NULL,NULL,NULL,NULL,NULL,NULL,NULL,NULL,'\0',NULL,NULL,NULL,NULL),(736,4,370,26,'a68afce32e6b1f57a6c8d10da24f1516','TAKEOFF','Igneous01',1,634,43834,'Ka-50','Beslan',NULL,NULL,NULL,NULL,NULL,NULL,NULL,'\0',NULL,NULL,NULL,NULL),(737,4,370,26,'a68afce32e6b1f57a6c8d10da24f1516','LAND','Igneous01',1,777,43977,'Ka-50',NULL,NULL,NULL,NULL,NULL,NULL,NULL,NULL,'\0',NULL,NULL,NULL,NULL),(738,4,370,26,'a68afce32e6b1f57a6c8d10da24f1516','CARGO_UNPACKED','Igneous01',1,784,43984,'Ka-50','Beslan City',NULL,NULL,NULL,NULL,NULL,NULL,NULL,'\0',NULL,NULL,NULL,'SLC FuelTruck'),(739,4,371,27,'a68afce32e6b1f57a6c8d10da24f1516','TAKEOFF','Igneous01',1,54,43254,'Ka-50','Beslan',NULL,NULL,NULL,NULL,NULL,NULL,NULL,'\0',NULL,NULL,NULL,NULL),(740,4,371,27,'a68afce32e6b1f57a6c8d10da24f1516','LAND','Igneous01',1,105,43305,'Ka-50',NULL,NULL,NULL,NULL,NULL,NULL,NULL,NULL,'\0',NULL,NULL,NULL,NULL),(741,4,371,NULL,NULL,'CRASH','AI',1,118,118,'Infantry AK',NULL,NULL,NULL,'SLC Infantry 1#001-01','Infantry AK','INFANTRY','HELICOPTER',1,'\0',NULL,NULL,NULL,NULL),(742,4,371,NULL,NULL,'CRASH','AI',1,118,118,'Infantry AK',NULL,NULL,NULL,'SLC Infantry 1#001-02','Infantry AK','INFANTRY','HELICOPTER',1,'\0',NULL,NULL,NULL,NULL),(743,4,371,NULL,NULL,'CRASH','AI',1,118,118,'Infantry AK',NULL,NULL,NULL,'SLC Infantry 1#001-03','Infantry AK','INFANTRY','HELICOPTER',1,'\0',NULL,NULL,NULL,NULL),(744,4,371,NULL,NULL,'CRASH','AI',1,118,118,'Infantry AK',NULL,NULL,NULL,'SLC Infantry 1#001-04','Infantry AK','INFANTRY','HELICOPTER',1,'\0',NULL,NULL,NULL,NULL),(745,4,371,NULL,NULL,'CRASH','AI',1,118,118,'Infantry AK',NULL,NULL,NULL,'SLC Infantry 1#001-05','Infantry AK','INFANTRY','HELICOPTER',1,'\0',NULL,NULL,NULL,NULL),(746,4,371,NULL,NULL,'CRASH','AI',1,118,118,'Infantry AK',NULL,NULL,NULL,'SLC Infantry 1#001-06','Infantry AK','INFANTRY','HELICOPTER',1,'\0',NULL,NULL,NULL,NULL),(747,4,371,NULL,NULL,'CRASH','AI',1,118,118,'Paratrooper RPG-16',NULL,NULL,NULL,'SLC Infantry 1#001-07','Paratrooper RPG-16','INFANTRY','HELICOPTER',1,'\0',NULL,NULL,NULL,NULL),(748,4,371,NULL,NULL,'CRASH','AI',1,118,118,'Paratrooper RPG-16',NULL,NULL,NULL,'SLC Infantry 1#001-08','Paratrooper RPG-16','INFANTRY','HELICOPTER',1,'\0',NULL,NULL,NULL,NULL),(749,4,371,NULL,NULL,'CRASH','AI',1,118,118,'Infantry AK',NULL,NULL,NULL,'SLC Infantry 1#001-09','Infantry AK','INFANTRY','HELICOPTER',1,'\0',NULL,NULL,NULL,NULL),(750,4,371,NULL,NULL,'CRASH','AI',1,118,118,'Infantry AK',NULL,NULL,NULL,'SLC Infantry 1#001-10','Infantry AK','INFANTRY','HELICOPTER',1,'\0',NULL,NULL,NULL,NULL),(751,4,371,27,'a68afce32e6b1f57a6c8d10da24f1516','TRANSPORT_MOUNT','Igneous01',1,118,43318,'Ka-50','Beslan City',NULL,NULL,NULL,NULL,NULL,NULL,NULL,'\0',NULL,NULL,NULL,NULL),(752,4,371,28,'a68afce32e6b1f57a6c8d10da24f1516','TAKEOFF','Igneous01',1,127,43327,'Ka-50','Beslan',NULL,NULL,NULL,NULL,NULL,NULL,NULL,'\0',NULL,NULL,NULL,NULL),(753,4,371,28,'a68afce32e6b1f57a6c8d10da24f1516','LAND','Igneous01',1,156,43356,'Ka-50',NULL,NULL,NULL,NULL,NULL,NULL,NULL,NULL,'\0',NULL,NULL,NULL,NULL),(754,4,371,28,'a68afce32e6b1f57a6c8d10da24f1516','TRANSPORT_DISMOUNT','Igneous01',1,162,43362,'Ka-50','Beslan City',NULL,NULL,NULL,NULL,NULL,NULL,NULL,'\0',NULL,NULL,10,NULL),(755,4,371,29,'a68afce32e6b1f57a6c8d10da24f1516','TAKEOFF','Igneous01',1,176,43376,'Ka-50','Beslan',NULL,NULL,NULL,NULL,NULL,NULL,NULL,'\0',NULL,NULL,NULL,NULL),(756,4,371,29,'a68afce32e6b1f57a6c8d10da24f1516','LAND','Igneous01',1,203,43403,'Ka-50',NULL,NULL,NULL,NULL,NULL,NULL,NULL,NULL,'\0',NULL,NULL,NULL,NULL),(757,4,371,30,'a68afce32e6b1f57a6c8d10da24f1516','TAKEOFF','Igneous01',1,248,43448,'Ka-50','Beslan',NULL,NULL,NULL,NULL,NULL,NULL,NULL,'\0',NULL,NULL,NULL,NULL),(758,4,371,30,'a68afce32e6b1f57a6c8d10da24f1516','LAND','Igneous01',1,355,43555,'Ka-50',NULL,NULL,NULL,NULL,NULL,NULL,NULL,NULL,'\0',NULL,NULL,NULL,NULL),(759,4,371,30,'a68afce32e6b1f57a6c8d10da24f1516','CARGO_UNPACKED','Igneous01',1,364,43564,'Ka-50','Beslan City',NULL,NULL,NULL,NULL,NULL,NULL,NULL,'\0',NULL,NULL,NULL,'SLC CommandTruck'),(760,4,371,31,'a68afce32e6b1f57a6c8d10da24f1516','TAKEOFF','Igneous01',1,375,43575,'Ka-50','Beslan',NULL,NULL,NULL,NULL,NULL,NULL,NULL,'\0',NULL,NULL,NULL,NULL),(761,4,371,31,'a68afce32e6b1f57a6c8d10da24f1516','SHOT','Igneous01',1,476,43676,'Ka-50',NULL,'Vikhr M','ROCKET',NULL,NULL,NULL,NULL,NULL,'\0',NULL,NULL,NULL,NULL),(762,4,371,31,'a68afce32e6b1f57a6c8d10da24f1516','HIT','Igneous01',1,485,43685,'Ka-50',NULL,'Vikhr M','ROCKET','Unit #062','T-55','TANK','HELICOPTER',2,'\0',NULL,NULL,NULL,NULL),(763,4,371,31,'a68afce32e6b1f57a6c8d10da24f1516','SHOT','Igneous01',1,502,43702,'Ka-50',NULL,'Vikhr M','ROCKET',NULL,NULL,NULL,NULL,NULL,'\0',NULL,NULL,NULL,NULL),(764,4,371,31,'a68afce32e6b1f57a6c8d10da24f1516','HIT','Igneous01',1,510,43710,'Ka-50',NULL,'Vikhr M','ROCKET','Unit #063','BTR-80','APC','HELICOPTER',2,'\0',NULL,NULL,NULL,NULL),(765,4,371,NULL,NULL,'DEAD','AI',2,510,43710,'BTR-80',NULL,NULL,NULL,'Unit #063','BTR-80','APC','HELICOPTER',2,'\0',NULL,NULL,NULL,NULL),(766,4,371,31,'a68afce32e6b1f57a6c8d10da24f1516','HIT','Igneous01',1,510,43710,'Ka-50',NULL,'Vikhr M','ROCKET','Unit #064','Infantry AK Ins','INFANTRY','HELICOPTER',2,'\0',NULL,NULL,NULL,NULL),(767,4,371,31,'a68afce32e6b1f57a6c8d10da24f1516','SHOT','Igneous01',1,530,43730,'Ka-50',NULL,'Vikhr M','ROCKET',NULL,NULL,NULL,NULL,NULL,'\0',NULL,NULL,NULL,NULL),(768,4,371,NULL,NULL,'DEAD','AI',2,532,43732,'T-55',NULL,NULL,NULL,'Unit #062','T-55','TANK','HELICOPTER',2,'\0',NULL,NULL,NULL,NULL),(769,4,371,31,'a68afce32e6b1f57a6c8d10da24f1516','HIT','Igneous01',1,537,43737,'Ka-50',NULL,'Vikhr M','ROCKET','Unit #064','Infantry AK Ins','INFANTRY','HELICOPTER',2,'\0',NULL,NULL,NULL,NULL),(770,4,371,31,'a68afce32e6b1f57a6c8d10da24f1516','HIT','Igneous01',1,537,43737,'Ka-50',NULL,'Vikhr M','ROCKET','Unit #065','Soldier RPG','INFANTRY','HELICOPTER',2,'\0',NULL,NULL,NULL,NULL),(771,4,371,NULL,NULL,'DEAD','AI',2,540,43740,'Infantry AK Ins',NULL,NULL,NULL,'Unit #064','Infantry AK Ins','INFANTRY','HELICOPTER',2,'\0',NULL,NULL,NULL,NULL),(772,4,371,31,'a68afce32e6b1f57a6c8d10da24f1516','SHOT','Igneous01',1,553,43753,'Ka-50',NULL,'Vikhr M','ROCKET',NULL,NULL,NULL,NULL,NULL,'\0',NULL,NULL,NULL,NULL),(773,4,371,31,'a68afce32e6b1f57a6c8d10da24f1516','HIT','Igneous01',1,560,43760,'Ka-50',NULL,'Vikhr M','ROCKET','Unit #065','Soldier RPG','INFANTRY','HELICOPTER',2,'\0',NULL,NULL,NULL,NULL),(774,4,371,NULL,NULL,'DEAD','AI',2,560,43760,'Soldier RPG',NULL,NULL,NULL,'Unit #065','Soldier RPG','INFANTRY','HELICOPTER',2,'\0',NULL,NULL,NULL,NULL),(775,4,371,31,'a68afce32e6b1f57a6c8d10da24f1516','SHOOTING_START','Igneous01',1,574,43774,'Ka-50',NULL,'Cannon','CANNON','Unit #066','2B11 mortar','ARTILLERY','HELICOPTER',2,'\0',NULL,NULL,NULL,NULL),(776,4,371,31,'a68afce32e6b1f57a6c8d10da24f1516','SHOOTING_END','Igneous01',1,576,43776,'Ka-50',NULL,'Cannon','CANNON',NULL,NULL,NULL,NULL,NULL,'\0',NULL,NULL,NULL,NULL),(777,4,371,31,'a68afce32e6b1f57a6c8d10da24f1516','SHOOTING_START','Igneous01',1,577,43777,'Ka-50',NULL,'Cannon','CANNON','Unit #066','2B11 mortar','ARTILLERY','HELICOPTER',2,'\0',NULL,NULL,NULL,NULL),(778,4,371,31,'a68afce32e6b1f57a6c8d10da24f1516','SHOOTING_END','Igneous01',1,579,43779,'Ka-50',NULL,'Cannon','CANNON',NULL,NULL,NULL,NULL,NULL,'\0',NULL,NULL,NULL,NULL),(779,4,371,31,'a68afce32e6b1f57a6c8d10da24f1516','SHOOTING_START','Igneous01',1,580,43780,'Ka-50',NULL,'Cannon','CANNON','Unit #066','2B11 mortar','ARTILLERY','HELICOPTER',2,'\0',NULL,NULL,NULL,NULL),(780,4,371,31,'a68afce32e6b1f57a6c8d10da24f1516','SHOOTING_END','Igneous01',1,582,43782,'Ka-50',NULL,'Cannon','CANNON',NULL,NULL,NULL,NULL,NULL,'\0',NULL,NULL,NULL,NULL),(781,4,371,31,'a68afce32e6b1f57a6c8d10da24f1516','SHOOTING_START','Igneous01',1,588,43788,'Ka-50',NULL,'Cannon','CANNON','Unit #066','2B11 mortar','ARTILLERY','HELICOPTER',2,'\0',NULL,NULL,NULL,NULL),(782,4,371,31,'a68afce32e6b1f57a6c8d10da24f1516','SHOOTING_END','Igneous01',1,590,43790,'Ka-50',NULL,'Cannon','CANNON',NULL,NULL,NULL,NULL,NULL,'\0',NULL,NULL,NULL,NULL),(783,4,371,31,'a68afce32e6b1f57a6c8d10da24f1516','SHOOTING_START','Igneous01',1,592,43792,'Ka-50',NULL,'Cannon','CANNON','Unit #066','2B11 mortar','ARTILLERY','HELICOPTER',2,'\0',NULL,NULL,NULL,NULL),(784,4,371,31,'a68afce32e6b1f57a6c8d10da24f1516','SHOOTING_END','Igneous01',1,592,43792,'Ka-50',NULL,'Cannon','CANNON',NULL,NULL,NULL,NULL,NULL,'\0',NULL,NULL,NULL,NULL),(785,4,371,31,'a68afce32e6b1f57a6c8d10da24f1516','SHOOTING_START','Igneous01',1,593,43793,'Ka-50',NULL,'Cannon','CANNON','Unit #066','2B11 mortar','ARTILLERY','HELICOPTER',2,'\0',NULL,NULL,NULL,NULL),(786,4,371,31,'a68afce32e6b1f57a6c8d10da24f1516','SHOOTING_END','Igneous01',1,594,43794,'Ka-50',NULL,'Cannon','CANNON',NULL,NULL,NULL,NULL,NULL,'\0',NULL,NULL,NULL,NULL),(787,4,371,31,'a68afce32e6b1f57a6c8d10da24f1516','SHOOTING_START','Igneous01',1,594,43794,'Ka-50',NULL,'Cannon','CANNON','Unit #066','2B11 mortar','ARTILLERY','HELICOPTER',2,'\0',NULL,NULL,NULL,NULL),(788,4,371,31,'a68afce32e6b1f57a6c8d10da24f1516','SHOOTING_END','Igneous01',1,594,43794,'Ka-50',NULL,'Cannon','CANNON',NULL,NULL,NULL,NULL,NULL,'\0',NULL,NULL,NULL,NULL),(789,4,371,31,'a68afce32e6b1f57a6c8d10da24f1516','SHOOTING_START','Igneous01',1,603,43803,'Ka-50',NULL,'Cannon','CANNON','Unit #066','2B11 mortar','ARTILLERY','HELICOPTER',2,'\0',NULL,NULL,NULL,NULL),(790,4,371,31,'a68afce32e6b1f57a6c8d10da24f1516','SHOOTING_END','Igneous01',1,604,43804,'Ka-50',NULL,'Cannon','CANNON',NULL,NULL,NULL,NULL,NULL,'\0',NULL,NULL,NULL,NULL),(791,4,371,31,'a68afce32e6b1f57a6c8d10da24f1516','SHOOTING_START','Igneous01',1,605,43805,'Ka-50',NULL,'Cannon','CANNON','Unit #066','2B11 mortar','ARTILLERY','HELICOPTER',2,'\0',NULL,NULL,NULL,NULL),(792,4,371,31,'a68afce32e6b1f57a6c8d10da24f1516','SHOOTING_END','Igneous01',1,607,43807,'Ka-50',NULL,'Cannon','CANNON',NULL,NULL,NULL,NULL,NULL,'\0',NULL,NULL,NULL,NULL),(793,4,371,31,'a68afce32e6b1f57a6c8d10da24f1516','SHOOTING_START','Igneous01',1,607,43807,'Ka-50',NULL,'Cannon','CANNON','Unit #066','2B11 mortar','ARTILLERY','HELICOPTER',2,'\0',NULL,NULL,NULL,NULL),(794,4,371,31,'a68afce32e6b1f57a6c8d10da24f1516','HIT','Igneous01',1,608,43808,'Ka-50',NULL,'30mm HE','ROCKET','Unit #066','2B11 mortar','ARTILLERY','HELICOPTER',2,'\0',NULL,NULL,NULL,NULL),(795,4,371,31,'a68afce32e6b1f57a6c8d10da24f1516','SHOOTING_END','Igneous01',1,608,43808,'Ka-50',NULL,'Cannon','CANNON',NULL,NULL,NULL,NULL,NULL,'\0',NULL,NULL,NULL,NULL),(796,4,371,31,'a68afce32e6b1f57a6c8d10da24f1516','SHOOTING_START','Igneous01',1,609,43809,'Ka-50',NULL,'Cannon','CANNON','Unit #066','2B11 mortar','ARTILLERY','HELICOPTER',2,'\0',NULL,NULL,NULL,NULL),(797,4,371,31,'a68afce32e6b1f57a6c8d10da24f1516','SHOOTING_END','Igneous01',1,611,43811,'Ka-50',NULL,'Cannon','CANNON',NULL,NULL,NULL,NULL,NULL,'\0',NULL,NULL,NULL,NULL),(798,4,371,NULL,NULL,'DEAD','AI',2,651,43851,'2B11 mortar',NULL,NULL,NULL,'Unit #066','2B11 mortar','ARTILLERY','HELICOPTER',2,'\0',NULL,NULL,NULL,NULL),(799,4,371,31,'a68afce32e6b1f57a6c8d10da24f1516','LAND','Igneous01',1,758,43958,'Ka-50','Otkrytka',NULL,NULL,NULL,NULL,NULL,NULL,NULL,'\0',NULL,NULL,NULL,NULL),(800,4,377,32,'a68afce32e6b1f57a6c8d10da24f1516','TAKEOFF','Igneous01',1,159,43359,'Ka-50','Beslan',NULL,NULL,NULL,NULL,NULL,NULL,NULL,'\0',NULL,NULL,NULL,NULL),(801,4,377,32,'a68afce32e6b1f57a6c8d10da24f1516','LAND','Igneous01',1,218,43418,'Ka-50',NULL,NULL,NULL,NULL,NULL,NULL,NULL,NULL,'\0',NULL,NULL,NULL,NULL),(802,4,377,33,'a68afce32e6b1f57a6c8d10da24f1516','TAKEOFF','Igneous01',1,261,43461,'Ka-50','Beslan',NULL,NULL,NULL,NULL,NULL,NULL,NULL,'\0',NULL,NULL,NULL,NULL),(803,4,379,34,'a68afce32e6b1f57a6c8d10da24f1516','TAKEOFF','Igneous01',1,60,43260,'Ka-50','Beslan',NULL,NULL,NULL,NULL,NULL,NULL,NULL,'\0',NULL,NULL,NULL,NULL),(804,4,379,34,'a68afce32e6b1f57a6c8d10da24f1516','LAND','Igneous01',1,100,43300,'Ka-50',NULL,NULL,NULL,NULL,NULL,NULL,NULL,NULL,'\0',NULL,NULL,NULL,NULL),(805,4,379,35,'a68afce32e6b1f57a6c8d10da24f1516','TAKEOFF','Igneous01',1,145,43345,'Ka-50','Beslan',NULL,NULL,NULL,NULL,NULL,NULL,NULL,'\0',NULL,NULL,NULL,NULL),(806,4,379,35,'a68afce32e6b1f57a6c8d10da24f1516','LAND','Igneous01',1,265,43465,'Ka-50',NULL,NULL,NULL,NULL,NULL,NULL,NULL,NULL,'\0',NULL,NULL,NULL,NULL),(807,4,379,36,'a68afce32e6b1f57a6c8d10da24f1516','TAKEOFF','Igneous01',1,297,43497,'Ka-50','Beslan',NULL,NULL,NULL,NULL,NULL,NULL,NULL,'\0',NULL,NULL,NULL,NULL),(808,4,384,37,'a68afce32e6b1f57a6c8d10da24f1516','TAKEOFF','Igneous01',1,72,43272,'Ka-50','Beslan',NULL,NULL,NULL,NULL,NULL,NULL,NULL,'\0',NULL,NULL,NULL,NULL),(809,4,384,37,'a68afce32e6b1f57a6c8d10da24f1516','LAND','Igneous01',1,116,43316,'Ka-50',NULL,NULL,NULL,NULL,NULL,NULL,NULL,NULL,'\0',NULL,NULL,NULL,NULL),(810,4,384,38,'a68afce32e6b1f57a6c8d10da24f1516','TAKEOFF','Igneous01',1,135,43335,'Ka-50','Beslan',NULL,NULL,NULL,NULL,NULL,NULL,NULL,'\0',NULL,NULL,NULL,NULL),(811,4,384,38,'a68afce32e6b1f57a6c8d10da24f1516','LAND','Igneous01',1,251,43451,'Ka-50',NULL,NULL,NULL,NULL,NULL,NULL,NULL,NULL,'\0',NULL,NULL,NULL,NULL),(812,4,384,38,'a68afce32e6b1f57a6c8d10da24f1516','PLAYER_LEAVE_UNIT','Igneous01',1,258,43458,'Ka-50',NULL,NULL,NULL,NULL,NULL,NULL,NULL,NULL,'\0',NULL,NULL,NULL,NULL),(813,4,384,39,'a68afce32e6b1f57a6c8d10da24f1516','TAKEOFF','Igneous01',1,270,43470,'Ka-50','Beslan',NULL,NULL,NULL,NULL,NULL,NULL,NULL,'\0',NULL,NULL,NULL,NULL),(814,4,384,39,'a68afce32e6b1f57a6c8d10da24f1516','LAND','Igneous01',1,302,43502,'Ka-50',NULL,NULL,NULL,NULL,NULL,NULL,NULL,NULL,'\0',NULL,NULL,NULL,NULL),(815,4,384,40,'a68afce32e6b1f57a6c8d10da24f1516','TAKEOFF','Igneous01',1,342,43542,'Ka-50','Beslan',NULL,NULL,NULL,NULL,NULL,NULL,NULL,'\0',NULL,NULL,NULL,NULL),(816,4,384,40,'a68afce32e6b1f57a6c8d10da24f1516','LAND','Igneous01',1,378,43578,'Ka-50',NULL,NULL,NULL,NULL,NULL,NULL,NULL,NULL,'\0',NULL,NULL,NULL,NULL),(817,4,384,41,'a68afce32e6b1f57a6c8d10da24f1516','TAKEOFF','Igneous01',1,404,43604,'Ka-50','Beslan',NULL,NULL,NULL,NULL,NULL,NULL,NULL,'\0',NULL,NULL,NULL,NULL),(818,4,384,41,'a68afce32e6b1f57a6c8d10da24f1516','LAND','Igneous01',1,472,43672,'Ka-50',NULL,NULL,NULL,NULL,NULL,NULL,NULL,NULL,'\0',NULL,NULL,NULL,NULL),(819,4,384,42,'a68afce32e6b1f57a6c8d10da24f1516','TAKEOFF','Igneous01',1,498,43698,'Ka-50','Beslan',NULL,NULL,NULL,NULL,NULL,NULL,NULL,'\0',NULL,NULL,NULL,NULL),(820,4,384,42,'a68afce32e6b1f57a6c8d10da24f1516','LAND','Igneous01',1,835,44035,'Ka-50',NULL,NULL,NULL,NULL,NULL,NULL,NULL,NULL,'\0',NULL,NULL,NULL,NULL),(821,4,386,43,'a68afce32e6b1f57a6c8d10da24f1516','TAKEOFF','Igneous01',1,41,43241,'Ka-50','Beslan',NULL,NULL,NULL,NULL,NULL,NULL,NULL,'\0',NULL,NULL,NULL,NULL),(822,4,386,43,'a68afce32e6b1f57a6c8d10da24f1516','LAND','Igneous01',1,77,43277,'Ka-50',NULL,NULL,NULL,NULL,NULL,NULL,NULL,NULL,'\0',NULL,NULL,NULL,NULL),(823,4,386,44,'a68afce32e6b1f57a6c8d10da24f1516','TAKEOFF','Igneous01',1,110,43310,'Ka-50','Beslan',NULL,NULL,NULL,NULL,NULL,NULL,NULL,'\0',NULL,NULL,NULL,NULL),(824,4,386,44,'a68afce32e6b1f57a6c8d10da24f1516','LAND','Igneous01',1,243,43443,'Ka-50',NULL,NULL,NULL,NULL,NULL,NULL,NULL,NULL,'\0',NULL,NULL,NULL,NULL),(825,4,386,44,'a68afce32e6b1f57a6c8d10da24f1516','DEPOT_RESUPPLY','Igneous01',1,265,43465,'Ka-50','Beslan Depot',NULL,NULL,NULL,NULL,NULL,NULL,NULL,'\0',NULL,NULL,NULL,'SLC CommandTruckCrate 1');
/*!40000 ALTER TABLE `raw_gameevents_log` ENABLE KEYS */;
UNLOCK TABLES;

--
-- Dumping data for table `role_image`
--

LOCK TABLES `role_image` WRITE;
/*!40000 ALTER TABLE `role_image` DISABLE KEYS */;
INSERT INTO `role_image` VALUES (1,'Images/role-ka50-256x256.png','KA-50'),(2,'Images/role-av8b-256x256.png','AV-8B'),(3,'Images/role-mi8-256x256.png','Mi-8'),(4,'Images/role-a10c-256x256.png','A-10C');
/*!40000 ALTER TABLE `role_image` ENABLE KEYS */;
UNLOCK TABLES;

--
-- Dumping data for table `server`
--

LOCK TABLES `server` WRITE;
/*!40000 ALTER TABLE `server` DISABLE KEYS */;
INSERT INTO `server` VALUES (1,'Gembucket','a389:885:bbcd:ff40:e2b9:1a04:66b5:5338',7794,'Offline'),(2,'Lotlux','4599:9e58:53b8:317f:66e8:b20e:b512:5dbf',8866,'Restarting'),(3,'Wrapsafe','3d6a:ba98:8124:c963:b31e:e1a5:cb2c:6ed9',12062,'Offline'),(4,'Dev Kaukasus Insurgency Server','::ffff:127.0.0.1',NULL,NULL),(5,'Test Server','127.0.0.1',NULL,NULL),(6,'Latlux','7baf:58dc:1c88:810d:71db:d3d2:59ef:dc85',3100,'Restarting'),(7,'Cookley','f60e:2ff:fd2e:a034:e9ae:5b31:b983:cb4d',1797,'Offline'),(8,'Vagram','d4ba:3895:a2bf:8f50:3a62:c12b:2850:2229',3421,'Restarting'),(9,'Treeflex','f4d9:d7e:764d:2710:b850:f254:c123:8af8',13813,'Online'),(10,'Voltsillam','c58e:e252:2765:a32b:81df:4818:9039:f8f0',7296,'Offline'),(11,'Stim','9aff:ebc8:1efc:d579:4525:eb87:79c9:f589',7931,'Online'),(12,'Wrapsafe','6fb9:a71:9f74:b2f5:f2ae:7efe:b37b:890b',10876,'Online'),(13,'Namfix','9af0:18d7:9b9c:fe69:155b:5147:c865:1701',3027,'Restarting'),(14,'Bitchip','d5a1:3ef8:ba47:2785:34b9:32ee:2d13:a992',8984,'Offline'),(15,'Trippledex','473:a3f6:371d:d72f:4738:6364:feba:3b40',4418,'Restarting'),(16,'Stringtough','3ef1:8c04:3761:e42b:2ce5:3aa5:4d3d:7dcb',10416,'Restarting'),(17,'Solarbreeze','44c4:93a2:d298:c05a:749f:6f59:d1c6:d858',708,'Offline'),(18,'Fixflex','4372:546a:2e02:198d:b866:faf7:db5:b33a',1739,'Online'),(19,'Voltsillam','2dd0:8857:edde:64b5:66d:631f:ec7c:94ec',2762,'Online'),(20,'Toughjoyfax','ea3d:de79:2196:face:4413:c49e:b93b:f07f',5053,'Offline'),(21,'Keylex','d00d:d727:8af7:5e5f:1a49:26ae:becb:a5a4',9488,'Restarting'),(22,'Namfix','3de4:fb3c:f51f:597b:d76e:839f:ea04:3359',7482,'Restarting'),(23,'Zoolab','c18e:12b:a4cc:52cb:353c:a8f2:56c4:e667',177,'Restarting'),(24,'Zathin','cd89:c690:2330:8430:c45f:66f5:75ee:f0d2',1428,'Offline'),(25,'Zontrax','fd71:9bb7:f6fc:e178:58ad:bc1d:270:c27e',6552,'Restarting'),(26,'Konklab','9e8b:7bde:bf89:13cb:1397:64a7:80c0:f12f',6285,'Offline'),(27,'Solarbreeze','7d2b:94f1:93f4:df0a:1866:bb5b:9684:334a',9969,'Online'),(28,'Zathin','1c80:630a:4b60:dacf:d065:446b:2929:1442',1793,'Restarting'),(29,'Konklab','c75e:61f9:d387:e3e9:37eb:267d:9b41:39f7',13683,'Offline'),(30,'Trippledex','a222:a9b6:907f:45c7:eb99:7c48:33ab:c9e7',9789,'Restarting');
/*!40000 ALTER TABLE `server` ENABLE KEYS */;
UNLOCK TABLES;

--
-- Dumping data for table `session`
--

LOCK TABLES `session` WRITE;
/*!40000 ALTER TABLE `session` DISABLE KEYS */;
INSERT INTO `session` VALUES (1,4,'2017-10-02 10:22:24','2017-11-09 07:04:12',0,NULL),(2,4,'2017-10-02 10:30:42',NULL,0,NULL),(3,4,'2017-10-02 10:45:53',NULL,0,NULL),(4,4,'2017-10-02 10:48:49',NULL,0,NULL),(5,4,'2017-10-02 10:53:01',NULL,0,NULL),(6,4,'2017-10-02 10:55:15',NULL,0,NULL),(7,4,'2017-10-02 10:58:08',NULL,0,NULL),(8,4,'2017-10-02 11:00:48',NULL,0,NULL),(9,4,'2017-10-02 11:01:25',NULL,0,NULL),(10,4,'2017-11-02 23:57:15',NULL,0,NULL),(11,4,'2017-11-05 04:10:34',NULL,0,NULL),(12,4,'2017-11-05 04:12:55',NULL,0,NULL),(13,4,'2017-11-05 04:21:41',NULL,0,NULL),(14,4,'2017-11-05 04:47:40',NULL,0,NULL),(15,4,'2017-11-05 05:04:48',NULL,0,NULL),(16,4,'2017-11-05 05:08:41',NULL,0,NULL),(17,4,'2017-11-06 04:57:40',NULL,0,NULL),(18,4,'2017-11-06 05:02:04',NULL,0,NULL),(19,4,'2017-11-08 07:19:42',NULL,0,NULL),(20,4,'2017-11-08 08:12:23',NULL,0,NULL),(21,4,'2017-11-08 08:14:43',NULL,0,NULL),(22,4,'2017-11-08 08:27:17',NULL,0,NULL),(23,4,'2017-11-08 08:49:58',NULL,0,NULL),(24,4,'2017-11-09 07:08:50',NULL,0,NULL),(25,4,'2017-11-09 07:14:52',NULL,0,NULL),(26,4,'2017-11-09 07:45:03',NULL,0,NULL),(27,4,'2017-11-09 07:57:58',NULL,0,NULL),(28,4,'2017-11-09 08:00:26','2017-11-09 08:05:05',0,NULL),(29,4,'2017-11-10 02:20:48',NULL,0,NULL),(30,4,'2017-11-10 02:28:17',NULL,0,NULL),(31,4,'2017-11-10 02:35:21','2017-11-10 03:25:12',0,NULL),(32,4,'2017-11-10 05:04:49','2017-11-10 05:05:51',0,NULL),(33,4,'2017-11-10 07:08:24','2017-11-10 07:11:29',0,NULL),(34,4,'2017-11-10 07:11:52',NULL,0,NULL),(35,4,'2017-11-10 07:19:00',NULL,0,NULL),(36,4,'2017-11-10 07:38:41','2017-11-10 08:04:11',0,NULL),(37,4,'2017-11-11 04:38:58','2017-11-11 04:45:35',0,NULL),(38,4,'2017-11-11 04:47:26',NULL,0,NULL),(39,4,'2017-11-11 05:01:53','2017-11-11 05:06:53',0,NULL),(40,4,'2017-11-11 05:07:15',NULL,0,NULL),(41,4,'2017-11-11 05:13:46','2017-11-11 05:18:04',0,NULL),(42,4,'2017-11-11 05:18:31','2017-11-11 05:18:53',0,NULL),(43,4,'2017-11-11 08:53:38','2017-11-11 08:53:51',0,NULL),(44,4,'2017-11-11 08:55:21','2017-11-11 09:02:14',0,NULL),(45,4,'2017-11-11 09:02:36','2017-11-11 09:10:26',0,NULL),(46,4,'2017-11-11 09:12:36','2017-11-11 09:19:11',0,NULL),(47,4,'2017-11-12 23:04:08','2017-11-12 23:06:12',0,NULL),(48,4,'2017-11-12 23:18:14',NULL,0,NULL),(49,4,'2017-11-12 23:52:44','2017-11-12 23:54:21',0,NULL),(50,4,'2017-11-12 23:55:42','2017-11-13 00:01:41',0,NULL),(51,4,'2017-11-13 00:02:01','2017-11-13 00:03:02',0,NULL),(52,4,'2017-11-13 00:03:23',NULL,0,NULL),(53,4,'2017-11-13 00:06:31','2017-11-13 00:10:51',0,NULL),(54,4,'2017-11-13 00:11:17','2017-11-13 00:13:57',0,NULL),(55,4,'2017-11-13 00:14:16','2017-11-13 00:23:57',0,NULL),(56,4,'2017-11-13 00:24:16','2017-11-13 00:24:38',0,NULL),(57,4,'2017-11-13 00:25:08','2017-11-13 00:32:27',0,NULL),(58,4,'2017-11-13 00:32:47','2017-11-13 00:37:33',0,NULL),(59,4,'2017-11-13 00:37:52','2017-11-13 00:44:29',0,NULL),(60,4,'2017-11-13 01:06:42','2017-11-13 01:13:03',0,NULL),(61,4,'2017-11-13 01:16:33','2017-11-13 01:31:05',0,NULL),(62,4,'2017-11-13 01:34:49','2017-11-13 01:37:54',0,NULL),(63,4,'2017-11-13 01:38:27','2017-11-13 01:46:16',0,NULL),(64,4,'2017-11-13 03:28:47',NULL,0,NULL),(65,4,'2017-11-13 03:31:45','2017-11-13 03:32:36',0,NULL),(66,4,'2017-11-13 03:33:02','2017-11-13 03:35:16',0,NULL),(67,4,'2017-11-13 03:38:37','2017-11-13 03:49:47',0,NULL),(68,4,'2017-11-13 03:51:39',NULL,0,NULL),(69,4,'2017-11-13 04:28:06',NULL,0,NULL),(70,4,'2017-11-13 04:46:23',NULL,0,NULL),(71,4,'2017-11-13 04:56:31',NULL,0,NULL),(72,4,'2017-11-13 04:56:31',NULL,0,NULL),(73,4,'2017-11-13 04:56:31',NULL,0,NULL),(74,4,'2017-11-13 04:56:32',NULL,0,NULL),(75,4,'2017-11-13 04:56:32',NULL,0,NULL),(76,4,'2017-11-13 04:56:32',NULL,0,NULL),(77,4,'2017-11-13 04:56:33',NULL,0,NULL),(78,4,'2017-11-13 04:56:33',NULL,0,NULL),(79,4,'2017-11-13 04:56:33',NULL,0,NULL),(80,4,'2017-11-13 04:56:34',NULL,0,NULL),(82,4,'2017-11-13 04:56:34',NULL,0,NULL),(83,4,'2017-11-13 04:56:35',NULL,0,NULL),(84,4,'2017-11-13 04:56:35',NULL,0,NULL),(86,4,'2017-11-13 04:56:36',NULL,0,NULL),(87,4,'2017-11-13 04:56:36',NULL,0,NULL),(88,4,'2017-11-13 04:56:36',NULL,0,NULL),(90,4,'2017-11-13 04:56:37',NULL,0,NULL),(91,4,'2017-11-13 04:56:37',NULL,0,NULL),(92,4,'2017-11-13 04:56:37',NULL,0,NULL),(93,4,'2017-11-13 04:56:38',NULL,0,NULL),(95,4,'2017-11-13 04:56:38',NULL,0,NULL),(96,4,'2017-11-13 04:56:39',NULL,0,NULL),(97,4,'2017-11-13 04:56:39',NULL,0,NULL),(99,4,'2017-11-13 04:56:40',NULL,0,NULL),(100,4,'2017-11-13 04:56:40',NULL,0,NULL),(101,4,'2017-11-13 04:56:40',NULL,0,NULL),(102,4,'2017-11-13 04:56:41',NULL,0,NULL),(104,4,'2017-11-13 04:56:41',NULL,0,NULL),(105,4,'2017-11-13 04:56:42',NULL,0,NULL),(106,4,'2017-11-13 04:56:42',NULL,0,NULL),(108,4,'2017-11-13 04:56:42',NULL,0,NULL),(109,4,'2017-11-13 04:56:43',NULL,0,NULL),(110,4,'2017-11-13 04:56:43',NULL,0,NULL),(111,4,'2017-11-19 11:42:43',NULL,0,NULL),(112,4,'2017-11-19 11:42:43',NULL,0,NULL),(113,4,'2017-11-19 11:42:44',NULL,0,NULL),(114,4,'2017-11-19 11:42:45',NULL,0,NULL),(115,4,'2017-11-19 11:42:46',NULL,0,NULL),(116,4,'2017-11-19 11:42:46',NULL,0,NULL),(117,4,'2017-11-19 11:42:47',NULL,0,NULL),(118,4,'2017-11-19 11:42:48',NULL,0,NULL),(119,4,'2017-11-19 11:42:48',NULL,0,NULL),(120,4,'2017-11-19 11:42:49',NULL,0,NULL),(121,4,'2017-11-19 11:42:50',NULL,0,NULL),(122,4,'2017-11-19 11:42:50',NULL,0,NULL),(123,4,'2017-11-19 11:42:51',NULL,0,NULL),(124,4,'2017-11-19 11:42:52',NULL,0,NULL),(125,4,'2017-11-19 11:42:52',NULL,0,NULL),(126,4,'2017-11-19 11:42:53',NULL,0,NULL),(127,4,'2017-11-19 11:42:53',NULL,0,NULL),(128,4,'2017-11-19 11:42:54',NULL,0,NULL),(129,4,'2017-11-19 11:42:55',NULL,0,NULL),(130,4,'2017-11-19 11:42:55',NULL,0,NULL),(131,4,'2017-11-19 11:42:56',NULL,0,NULL),(132,4,'2017-11-19 11:42:56',NULL,0,NULL),(133,4,'2017-11-19 11:42:57',NULL,0,NULL),(134,4,'2017-11-19 11:42:57',NULL,0,NULL),(135,4,'2017-11-19 11:42:58',NULL,0,NULL),(136,4,'2017-11-19 11:42:58',NULL,0,NULL),(137,4,'2017-11-19 11:42:59',NULL,0,NULL),(138,4,'2017-11-19 11:42:59',NULL,0,NULL),(139,4,'2017-11-19 11:43:00',NULL,0,NULL),(140,4,'2017-11-19 11:43:01',NULL,0,NULL),(142,4,'2017-11-19 11:43:03',NULL,0,NULL),(143,4,'2017-11-19 11:43:03',NULL,0,NULL),(144,4,'2017-11-19 11:43:04',NULL,0,NULL),(145,4,'2017-11-19 11:43:04',NULL,0,NULL),(146,4,'2017-11-19 11:43:05',NULL,0,NULL),(147,4,'2017-11-19 11:43:06',NULL,0,NULL),(148,4,'2017-11-19 11:43:06',NULL,0,NULL),(149,4,'2017-11-19 11:43:07',NULL,0,NULL),(151,4,'2017-11-19 11:43:08',NULL,0,NULL),(152,4,'2017-11-19 11:43:09',NULL,0,NULL),(153,4,'2017-11-19 11:43:09',NULL,0,NULL),(154,4,'2017-11-19 11:43:10',NULL,0,NULL),(155,4,'2017-11-19 11:43:10',NULL,0,NULL),(156,4,'2017-11-19 11:43:11',NULL,0,NULL),(157,4,'2017-11-19 11:43:12',NULL,0,NULL),(158,4,'2017-11-19 11:43:12',NULL,0,NULL),(159,4,'2017-11-19 11:43:13',NULL,0,NULL),(161,4,'2017-11-19 11:43:14',NULL,0,NULL),(162,4,'2017-11-19 11:43:14',NULL,0,NULL),(163,4,'2017-11-19 11:43:15',NULL,0,NULL),(164,4,'2017-11-19 11:43:15',NULL,0,NULL),(165,4,'2017-11-19 11:43:16',NULL,0,NULL),(166,4,'2017-11-19 11:43:17',NULL,0,NULL),(167,4,'2017-11-19 11:43:17',NULL,0,NULL),(169,4,'2017-11-19 11:43:20',NULL,0,NULL),(170,4,'2017-11-19 11:43:21',NULL,0,NULL),(171,4,'2017-11-19 11:43:21',NULL,0,NULL),(172,4,'2017-11-19 11:43:22',NULL,0,NULL),(173,4,'2017-11-19 11:43:23',NULL,0,NULL),(174,4,'2017-11-19 11:43:23',NULL,0,NULL),(175,4,'2017-11-19 11:43:24',NULL,0,NULL),(177,4,'2017-11-19 11:43:25',NULL,0,NULL),(178,4,'2017-11-19 11:43:26',NULL,0,NULL),(179,4,'2017-11-19 11:43:26',NULL,0,NULL),(180,4,'2017-11-19 11:43:27',NULL,0,NULL),(181,4,'2017-11-19 11:43:27',NULL,0,NULL),(182,4,'2017-11-19 11:43:28',NULL,0,NULL),(183,4,'2017-11-19 11:43:29',NULL,0,NULL),(185,4,'2017-11-19 11:43:30',NULL,0,NULL),(186,4,'2017-11-19 11:43:31',NULL,0,NULL),(187,4,'2017-11-19 11:43:31',NULL,0,NULL),(188,4,'2017-11-19 11:43:32',NULL,0,NULL),(189,4,'2017-11-19 11:43:32',NULL,0,NULL),(190,4,'2017-11-19 11:43:33',NULL,0,NULL),(191,4,'2017-11-19 11:43:34',NULL,0,NULL),(193,4,'2017-11-19 11:43:35',NULL,0,NULL),(194,4,'2017-11-19 11:43:36',NULL,0,NULL),(195,4,'2017-11-19 11:43:36',NULL,0,NULL),(196,4,'2017-11-19 11:43:37',NULL,0,NULL),(197,4,'2017-11-19 11:43:37',NULL,0,NULL),(198,4,'2017-11-19 11:43:38',NULL,0,NULL),(199,4,'2017-11-19 11:43:38',NULL,0,NULL),(201,4,'2017-11-19 11:43:40',NULL,0,NULL),(202,4,'2017-11-19 11:43:40',NULL,0,NULL),(203,4,'2017-11-19 11:43:41',NULL,0,NULL),(204,4,'2017-11-19 11:43:42',NULL,0,NULL),(205,4,'2017-11-19 11:43:42',NULL,0,NULL),(206,4,'2017-11-19 11:43:43',NULL,0,NULL),(207,4,'2017-11-19 11:43:44',NULL,0,NULL),(209,4,'2017-11-19 11:43:45',NULL,0,NULL),(210,4,'2017-11-19 11:43:46',NULL,0,NULL),(211,4,'2017-11-19 11:43:46',NULL,0,NULL),(212,4,'2017-11-19 11:43:47',NULL,0,NULL),(213,4,'2017-11-19 11:43:47',NULL,0,NULL),(214,4,'2017-11-19 11:43:48',NULL,0,NULL),(216,4,'2017-11-19 11:43:49',NULL,0,NULL),(217,4,'2017-11-19 11:43:50',NULL,0,NULL),(218,4,'2017-11-19 11:43:50',NULL,0,NULL),(219,4,'2017-11-19 11:43:51',NULL,0,NULL),(220,4,'2017-11-19 11:43:51',NULL,0,NULL),(221,4,'2017-11-19 11:43:52',NULL,0,NULL),(222,4,'2017-11-19 11:43:52',NULL,0,NULL),(224,4,'2017-11-19 11:43:54',NULL,0,NULL),(225,4,'2017-11-19 11:43:54',NULL,0,NULL),(226,4,'2017-11-19 11:43:55',NULL,0,NULL),(227,4,'2017-11-19 11:43:55',NULL,0,NULL),(228,4,'2017-11-19 11:43:56',NULL,0,NULL),(229,4,'2017-11-19 11:43:57',NULL,0,NULL),(230,4,'2017-11-19 11:43:57',NULL,0,NULL),(232,4,'2017-11-19 11:43:58',NULL,0,NULL),(233,4,'2017-11-19 11:43:59',NULL,0,NULL),(234,4,'2017-11-19 11:44:00',NULL,0,NULL),(235,4,'2017-11-19 11:44:01',NULL,0,NULL),(236,4,'2017-11-19 11:44:01',NULL,0,NULL),(237,4,'2017-11-19 11:44:02',NULL,0,NULL),(239,4,'2017-11-19 11:44:03',NULL,0,NULL),(240,4,'2017-11-19 11:44:04',NULL,0,NULL),(241,4,'2017-11-19 11:44:04',NULL,0,NULL),(242,4,'2017-11-19 11:44:05',NULL,0,NULL),(243,4,'2017-11-19 11:44:05',NULL,0,NULL),(244,4,'2017-11-19 11:44:06',NULL,0,NULL),(246,4,'2017-11-19 11:44:07',NULL,0,NULL),(247,4,'2017-11-19 11:44:08',NULL,0,NULL),(248,4,'2017-11-19 11:44:08',NULL,0,NULL),(249,4,'2017-11-19 11:44:09',NULL,0,NULL),(250,4,'2017-11-19 11:44:10',NULL,0,NULL),(251,4,'2017-11-19 11:44:10',NULL,0,NULL),(253,4,'2017-11-19 11:44:12',NULL,0,NULL),(254,4,'2017-11-19 11:44:12',NULL,0,NULL),(255,4,'2017-11-19 11:44:13',NULL,0,NULL),(256,4,'2017-11-19 11:44:13',NULL,0,NULL),(257,4,'2017-11-19 11:44:14',NULL,0,NULL),(258,4,'2017-11-19 11:44:15',NULL,0,NULL),(260,4,'2017-11-19 11:44:16',NULL,0,NULL),(261,4,'2017-11-19 11:44:16',NULL,0,NULL),(262,4,'2017-11-19 11:44:17',NULL,0,NULL),(263,4,'2017-11-19 11:44:18',NULL,0,NULL),(264,4,'2017-11-19 11:44:18',NULL,0,NULL),(266,4,'2017-11-19 11:44:20',NULL,0,NULL),(267,4,'2017-11-19 11:44:20',NULL,0,NULL),(268,4,'2017-11-19 11:44:21',NULL,0,NULL),(269,4,'2017-11-19 11:44:22',NULL,0,NULL),(270,4,'2017-11-19 11:44:23',NULL,0,NULL),(272,4,'2017-11-19 11:44:24',NULL,0,NULL),(273,4,'2017-11-19 11:44:24',NULL,0,NULL),(274,4,'2017-11-19 11:44:25',NULL,0,NULL),(275,4,'2017-11-19 11:44:26',NULL,0,NULL),(276,4,'2017-11-19 11:44:26',NULL,0,NULL),(278,4,'2017-11-19 11:44:27',NULL,0,NULL),(279,4,'2017-11-19 11:44:28',NULL,0,NULL),(280,4,'2017-11-19 11:44:29',NULL,0,NULL),(281,4,'2017-11-19 11:44:29',NULL,0,NULL),(282,4,'2017-11-19 11:44:30',NULL,0,NULL),(284,4,'2017-11-19 11:44:32',NULL,0,NULL),(285,4,'2017-11-19 11:44:32',NULL,0,NULL),(286,4,'2017-11-19 11:44:33',NULL,0,NULL),(287,4,'2017-11-19 11:44:33',NULL,0,NULL),(288,4,'2017-11-19 11:44:34',NULL,0,NULL),(290,4,'2017-11-19 11:44:36',NULL,0,NULL),(291,4,'2017-11-19 11:44:36',NULL,0,NULL),(292,4,'2017-11-19 11:44:37',NULL,0,NULL),(293,4,'2017-11-19 11:44:37',NULL,0,NULL),(294,4,'2017-11-19 11:44:38',NULL,0,NULL),(296,4,'2017-11-19 11:44:39',NULL,0,NULL),(297,4,'2017-11-19 11:44:40',NULL,0,NULL),(298,4,'2017-11-19 11:44:41',NULL,0,NULL),(299,4,'2017-11-19 11:44:42',NULL,0,NULL),(300,4,'2017-11-19 11:44:42',NULL,0,NULL),(302,4,'2017-11-19 11:44:44',NULL,0,NULL),(303,4,'2017-11-19 11:44:45',NULL,0,NULL),(304,4,'2017-11-19 11:44:45',NULL,0,NULL),(305,4,'2017-11-19 11:44:46',NULL,0,NULL),(306,4,'2017-11-19 11:44:47',NULL,0,NULL),(308,4,'2017-11-19 11:44:48',NULL,0,NULL),(309,4,'2017-11-19 11:44:49',NULL,0,NULL),(310,4,'2017-11-19 11:44:49',NULL,0,NULL),(311,4,'2017-11-19 11:44:50',NULL,0,NULL),(312,4,'2017-11-19 11:44:51',NULL,0,NULL),(314,4,'2017-11-19 11:44:52',NULL,0,NULL),(315,4,'2017-11-19 11:44:53',NULL,0,NULL),(316,4,'2017-11-19 11:44:53',NULL,0,NULL),(317,4,'2017-11-19 11:44:54',NULL,0,NULL),(318,4,'2017-11-19 11:44:54',NULL,0,NULL),(320,4,'2017-11-19 11:44:56',NULL,0,NULL),(321,4,'2017-11-19 11:44:57',NULL,0,NULL),(322,4,'2017-11-19 11:44:57',NULL,0,NULL),(323,4,'2017-11-19 11:44:58',NULL,0,NULL),(324,4,'2017-11-19 11:44:58',NULL,0,NULL),(326,4,'2017-11-19 11:45:00',NULL,0,NULL),(327,4,'2017-11-19 11:45:00',NULL,0,NULL),(328,4,'2017-11-19 11:45:01',NULL,0,NULL),(329,4,'2017-11-19 11:45:02',NULL,0,NULL),(330,4,'2017-11-19 11:45:03',NULL,0,NULL),(332,4,'2017-11-19 11:45:04',NULL,0,NULL),(333,4,'2017-11-19 12:11:30',NULL,0,NULL),(334,4,'2017-11-19 12:11:31',NULL,0,NULL),(335,4,'2017-11-19 12:11:31',NULL,0,NULL),(336,4,'2017-11-19 12:11:32',NULL,0,NULL),(337,4,'2017-11-19 12:11:32',NULL,0,NULL),(338,4,'2017-11-19 12:11:33',NULL,0,NULL),(339,4,'2017-11-19 12:11:33',NULL,0,NULL),(340,4,'2017-11-19 12:11:34',NULL,0,NULL),(341,4,'2017-11-19 12:11:35',NULL,0,NULL),(342,4,'2017-11-19 12:11:35',NULL,0,NULL),(343,4,'2017-11-19 12:11:36',NULL,0,NULL),(344,4,'2017-11-19 12:11:36',NULL,0,NULL),(345,4,'2017-11-19 12:11:37',NULL,0,NULL),(346,4,'2017-11-19 12:11:37',NULL,0,NULL),(347,4,'2017-11-19 12:11:38',NULL,0,NULL),(348,4,'2017-11-19 12:11:38',NULL,0,NULL),(349,4,'2017-11-19 12:11:39',NULL,0,NULL),(350,4,'2017-11-19 12:11:39',NULL,0,NULL),(351,4,'2017-11-19 12:11:40',NULL,0,NULL),(352,4,'2017-11-19 12:11:41',NULL,0,NULL),(354,4,'2017-11-19 12:11:42',NULL,0,NULL),(355,4,'2017-11-19 12:11:43',NULL,0,NULL),(356,4,'2017-11-19 12:11:43',NULL,0,NULL),(357,4,'2017-11-19 12:11:44',NULL,0,NULL),(359,4,'2017-11-19 12:11:45',NULL,0,NULL),(360,4,'2017-11-19 12:11:46',NULL,0,NULL),(361,4,'2017-11-19 12:11:47',NULL,0,NULL),(362,4,'2017-11-19 12:11:47',NULL,0,NULL),(363,4,'2017-11-19 12:11:48',NULL,0,NULL),(365,4,'2017-11-19 12:11:49',NULL,0,NULL),(366,4,'2017-11-19 12:11:50',NULL,0,NULL),(367,4,'2017-11-19 12:17:53',NULL,0,NULL),(368,4,'2017-11-19 13:25:21','2017-11-19 13:41:22',0,NULL),(369,4,'2017-11-19 16:35:00',NULL,0,NULL),(370,4,'2017-11-19 17:43:45','2017-11-19 18:07:10',0,NULL),(371,4,'2017-11-19 23:35:53','2017-11-19 23:48:34',69,830),(372,4,'2017-11-19 23:58:08','2017-11-19 23:58:34',68,94),(373,4,'2017-11-22 23:09:47','2017-11-22 23:18:49',92,634),(374,4,'2017-11-22 23:21:58','2017-11-22 23:27:41',823,1166),(375,4,'2017-11-22 23:28:16','2017-11-22 23:29:13',1202,1258),(376,4,'2017-11-22 23:29:49',NULL,1294,NULL),(377,4,'2017-11-22 23:35:08','2017-11-22 23:46:03',73,727),(378,4,'2017-11-22 23:47:04','2017-11-22 23:47:59',789,842),(379,4,'2017-11-22 23:49:19','2017-11-22 23:56:33',67,500),(380,4,'2017-11-23 00:00:34',NULL,62,NULL),(381,4,'2017-11-23 00:03:03','2017-11-23 00:04:02',62,121),(382,4,'2017-11-23 00:07:28',NULL,62,NULL),(383,4,'2017-11-23 00:11:15','2017-11-23 00:13:18',58,180),(384,4,'2017-11-23 00:56:13','2017-11-23 01:17:10',71,1327),(385,4,'2017-11-23 01:17:34','2017-11-23 01:18:09',1352,1386),(386,4,'2017-11-23 01:19:28','2017-11-23 01:32:37',59,847);
/*!40000 ALTER TABLE `session` ENABLE KEYS */;
UNLOCK TABLES;

--
-- Dumping data for table `sproc_log`
--

LOCK TABLES `sproc_log` WRITE;
/*!40000 ALTER TABLE `sproc_log` DISABLE KEYS */;
INSERT INTO `sproc_log` VALUES ('rpt_PlayerOnlineTime','totaltime: 0','2017-11-20 05:01:51'),('rpt_PlayerOnlineTime','In Loop','2017-11-20 05:01:51'),('rpt_PlayerOnlineTime','IN LOOP: Total Time: 0','2017-11-20 05:01:51'),('rpt_PlayerOnlineTime','In Loop','2017-11-20 05:01:51'),('rpt_PlayerOnlineTime','CONNECTED EVENT TWICE IN A ROW','2017-11-20 05:01:51'),('rpt_PlayerOnlineTime','v_server_id4','2017-11-20 05:01:51'),('rpt_PlayerOnlineTime','v_session_id371','2017-11-20 05:01:51'),('rpt_PlayerOnlineTime','SETTING v_end To the SESSION START + 4 Hours','2017-11-20 05:01:51'),('rpt_PlayerOnlineTime','fnc_SESSION_LENGTH : 14400','2017-11-20 05:01:51'),('rpt_PlayerOnlineTime','totaltime : 0','2017-11-20 05:01:51'),('rpt_PlayerOnlineTime','v_start : 1063','2017-11-20 05:01:52'),('rpt_PlayerOnlineTime','v_end : 69','2017-11-20 05:01:52'),('rpt_PlayerOnlineTime','IN LOOP: Total Time: 13406','2017-11-20 05:01:52'),('rpt_PlayerOnlineTime','In Loop','2017-11-20 05:01:52'),('rpt_PlayerOnlineTime','CONNECTED EVENT TWICE IN A ROW','2017-11-20 05:01:52'),('rpt_PlayerOnlineTime','v_server_id4','2017-11-20 05:01:52'),('rpt_PlayerOnlineTime','v_session_id372','2017-11-20 05:01:52'),('rpt_PlayerOnlineTime','SETTING v_end To the SESSION START + 4 Hours','2017-11-20 05:01:52'),('rpt_PlayerOnlineTime','fnc_SESSION_LENGTH : 14400','2017-11-20 05:01:52'),('rpt_PlayerOnlineTime','totaltime : 13406','2017-11-20 05:01:52'),('rpt_PlayerOnlineTime','v_start : 69','2017-11-20 05:01:52'),('rpt_PlayerOnlineTime','v_end : 68','2017-11-20 05:01:52'),('rpt_PlayerOnlineTime','IN LOOP: Total Time: 27805','2017-11-20 05:01:52'),('rpt_PlayerOnlineTime','In Loop','2017-11-20 05:01:52'),('rpt_PlayerOnlineTime','DISCONNECTED EVENT - CALCULATING END TIME','2017-11-20 05:01:52'),('rpt_PlayerOnlineTime','IN LOOP: Total Time: 27831','2017-11-20 05:01:52'),('rpt_PlayerOnlineTime','In Loop','2017-11-20 05:01:52'),('rpt_PlayerOnlineTime','Finished Loop','2017-11-20 05:01:52'),('rpt_PlayerOnlineTime','Total Time: 27831','2017-11-20 05:01:52');
/*!40000 ALTER TABLE `sproc_log` ENABLE KEYS */;
UNLOCK TABLES;
/*!40103 SET TIME_ZONE=@OLD_TIME_ZONE */;

/*!40101 SET SQL_MODE=@OLD_SQL_MODE */;
/*!40014 SET FOREIGN_KEY_CHECKS=@OLD_FOREIGN_KEY_CHECKS */;
/*!40014 SET UNIQUE_CHECKS=@OLD_UNIQUE_CHECKS */;
/*!40101 SET CHARACTER_SET_CLIENT=@OLD_CHARACTER_SET_CLIENT */;
/*!40101 SET CHARACTER_SET_RESULTS=@OLD_CHARACTER_SET_RESULTS */;
/*!40101 SET COLLATION_CONNECTION=@OLD_COLLATION_CONNECTION */;
/*!40111 SET SQL_NOTES=@OLD_SQL_NOTES */;

-- Dump completed on 2017-12-03  3:00:31
